ts,experiment,site_id,variant,stage,seconds,note
1791112101.45,t02_bootstrap-phreshphish,pp_c13edf26a4ba9f61,S0,summarise,0.01569,
1791112101.462,t02_bootstrap-phreshphish,pp_c13edf26a4ba9f61,S1,summarise,0.011821,
1791112101.472,t02_bootstrap-phreshphish,pp_c13edf26a4ba9f61,S1b-100,summarise,0.009404,
1791112101.481,t02_bootstrap-phreshphish,pp_c13edf26a4ba9f61,S1b-250,summarise,0.009075,
1791112101.491,t02_bootstrap-phreshphish,pp_c13edf26a4ba9f61,S1b-500,summarise,0.009799,
1791112101.502,t02_bootstrap-phreshphish,pp_c13edf26a4ba9f61,S1b-1000,summarise,0.011257,
1791112101.513,t02_bootstrap-phreshphish,pp_c13edf26a4ba9f61,S1b-2000,summarise,0.01013,
1791112101.52,t02_bootstrap-phreshphish,pp_c13edf26a4ba9f61,S3,summarise,0.005488,
1791112101.521,t02_bootstrap-phreshphish,pp_bda46312ef2c172c,S0,summarise,1.7e-05,
1791112101.565,t02_bootstrap-phreshphish,pp_bda46312ef2c172c,S1,summarise,0.044224,
1791112101.609,t02_bootstrap-phreshphish,pp_bda46312ef2c172c,S1b-100,summarise,0.043423,
1791112101.653,t02_bootstrap-phreshphish,pp_bda46312ef2c172c,S1b-250,summarise,0.04346,
1791112101.697,t02_bootstrap-phreshphish,pp_bda46312ef2c172c,S1b-500,summarise,0.043922,
1791112101.759,t02_bootstrap-phreshphish,pp_bda46312ef2c172c,S1b-1000,summarise,0.0621,
1791112101.811,t02_bootstrap-phreshphish,pp_bda46312ef2c172c,S1b-2000,summarise,0.050658,
1791112101.859,t02_bootstrap-phreshphish,pp_bda46312ef2c172c,S3,summarise,0.045202,
1791112101.86,t02_bootstrap-phreshphish,pp_59393005ba2f3573,S0,summarise,1e-05,
1791112101.868,t02_bootstrap-phreshphish,pp_59393005ba2f3573,S1,summarise,0.007458,
1791112101.873,t02_bootstrap-phreshphish,pp_59393005ba2f3573,S1b-100,summarise,0.00499,
1791112101.878,t02_bootstrap-phreshphish,pp_59393005ba2f3573,S1b-250,summarise,0.004782,
1791112101.883,t02_bootstrap-phreshphish,pp_59393005ba2f3573,S1b-500,summarise,0.005117,
1791112101.891,t02_bootstrap-phreshphish,pp_59393005ba2f3573,S1b-1000,summarise,0.007373,
1791112101.896,t02_bootstrap-phreshphish,pp_59393005ba2f3573,S1b-2000,summarise,0.004885,
1791112101.9,t02_bootstrap-phreshphish,pp_59393005ba2f3573,S3,summarise,0.003894,
1791112101.902,t02_bootstrap-phreshphish,pp_c50fc73e9734adc2,S0,summarise,1e-05,
1791112101.971,t02_bootstrap-phreshphish,pp_c50fc73e9734adc2,S1,summarise,0.068775,
1791112102.054,t02_bootstrap-phreshphish,pp_c50fc73e9734adc2,S1b-100,summarise,0.082534,
1791112102.12,t02_bootstrap-phreshphish,pp_c50fc73e9734adc2,S1b-250,summarise,0.066161,
1791112102.187,t02_bootstrap-phreshphish,pp_c50fc73e9734adc2,S1b-500,summarise,0.066763,
1791112102.255,t02_bootstrap-phreshphish,pp_c50fc73e9734adc2,S1b-1000,summarise,0.067867,
1791112102.331,t02_bootstrap-phreshphish,pp_c50fc73e9734adc2,S1b-2000,summarise,0.07482,
1791112102.369,t02_bootstrap-phreshphish,pp_c50fc73e9734adc2,S3,summarise,0.035706,
1791112102.37,t02_bootstrap-phreshphish,pp_a90b8adda869df3c,S0,summarise,1.2e-05,
1791112102.504,t02_bootstrap-phreshphish,pp_a90b8adda869df3c,S1,summarise,0.133269,
1791112102.614,t02_bootstrap-phreshphish,pp_a90b8adda869df3c,S1b-100,summarise,0.109951,
1791112102.747,t02_bootstrap-phreshphish,pp_a90b8adda869df3c,S1b-250,summarise,0.132802,
1791112102.859,t02_bootstrap-phreshphish,pp_a90b8adda869df3c,S1b-500,summarise,0.111245,
1791112102.994,t02_bootstrap-phreshphish,pp_a90b8adda869df3c,S1b-1000,summarise,0.135282,
1791112103.113,t02_bootstrap-phreshphish,pp_a90b8adda869df3c,S1b-2000,summarise,0.118418,
1791112106.164,t02_bootstrap-phreshphish,pp_a90b8adda869df3c,S3,summarise,3.046877,
1791112106.165,t02_bootstrap-phreshphish,pp_4e3a06c7c3ad58f5,S0,summarise,1.4e-05,
1791112106.184,t02_bootstrap-phreshphish,pp_4e3a06c7c3ad58f5,S1,summarise,0.019031,
1791112106.2,t02_bootstrap-phreshphish,pp_4e3a06c7c3ad58f5,S1b-100,summarise,0.01599,
1791112106.217,t02_bootstrap-phreshphish,pp_4e3a06c7c3ad58f5,S1b-250,summarise,0.016746,
1791112106.234,t02_bootstrap-phreshphish,pp_4e3a06c7c3ad58f5,S1b-500,summarise,0.016718,
1791112106.253,t02_bootstrap-phreshphish,pp_4e3a06c7c3ad58f5,S1b-1000,summarise,0.018273,
1791112106.271,t02_bootstrap-phreshphish,pp_4e3a06c7c3ad58f5,S1b-2000,summarise,0.017792,
1791112106.285,t02_bootstrap-phreshphish,pp_4e3a06c7c3ad58f5,S3,summarise,0.012886,
1791112106.286,t02_bootstrap-phreshphish,pp_27d47d452d74635a,S0,summarise,1.4e-05,
1791112106.288,t02_bootstrap-phreshphish,pp_27d47d452d74635a,S1,summarise,0.001573,
1791112106.289,t02_bootstrap-phreshphish,pp_27d47d452d74635a,S1b-100,summarise,0.001465,
1791112106.291,t02_bootstrap-phreshphish,pp_27d47d452d74635a,S1b-250,summarise,0.001709,
1791112106.293,t02_bootstrap-phreshphish,pp_27d47d452d74635a,S1b-500,summarise,0.001535,
1791112106.295,t02_bootstrap-phreshphish,pp_27d47d452d74635a,S1b-1000,summarise,0.001531,
1791112106.296,t02_bootstrap-phreshphish,pp_27d47d452d74635a,S1b-2000,summarise,0.001548,
1791112106.298,t02_bootstrap-phreshphish,pp_27d47d452d74635a,S3,summarise,0.001185,
1791112106.302,t02_bootstrap-phreshphish,pp_8e0a6ee8b9c9b3c9,S0,summarise,1.4e-05,
1791112107.356,t02_bootstrap-phreshphish,pp_8e0a6ee8b9c9b3c9,S1,summarise,1.054249,
1791112108.517,t02_bootstrap-phreshphish,pp_8e0a6ee8b9c9b3c9,S1b-100,summarise,1.159952,
1791112109.694,t02_bootstrap-phreshphish,pp_8e0a6ee8b9c9b3c9,S1b-250,summarise,1.177237,
1791112110.937,t02_bootstrap-phreshphish,pp_8e0a6ee8b9c9b3c9,S1b-500,summarise,1.242861,
1791112112.167,t02_bootstrap-phreshphish,pp_8e0a6ee8b9c9b3c9,S1b-1000,summarise,1.229346,
1791112113.344,t02_bootstrap-phreshphish,pp_8e0a6ee8b9c9b3c9,S1b-2000,summarise,1.176051,
1791112136.711,t02_bootstrap-phreshphish,pp_8e0a6ee8b9c9b3c9,S3,summarise,23.364009,
1791112136.711,t02_bootstrap-phreshphish,pp_bbdd318fe68867e1,S0,summarise,1.8e-05,
1791112136.713,t02_bootstrap-phreshphish,pp_bbdd318fe68867e1,S1,summarise,0.001556,
1791112136.715,t02_bootstrap-phreshphish,pp_bbdd318fe68867e1,S1b-100,summarise,0.001436,
1791112136.716,t02_bootstrap-phreshphish,pp_bbdd318fe68867e1,S1b-250,summarise,0.001491,
1791112136.718,t02_bootstrap-phreshphish,pp_bbdd318fe68867e1,S1b-500,summarise,0.001312,
1791112136.719,t02_bootstrap-phreshphish,pp_bbdd318fe68867e1,S1b-1000,summarise,0.001352,
1791112136.721,t02_bootstrap-phreshphish,pp_bbdd318fe68867e1,S1b-2000,summarise,0.001308,
1791112136.722,t02_bootstrap-phreshphish,pp_bbdd318fe68867e1,S3,summarise,0.000881,
1791112136.722,t02_bootstrap-phreshphish,pp_e18c7ee830a3864e,S0,summarise,1.7e-05,
1791112136.725,t02_bootstrap-phreshphish,pp_e18c7ee830a3864e,S1,summarise,0.002396,
1791112136.727,t02_bootstrap-phreshphish,pp_e18c7ee830a3864e,S1b-100,summarise,0.002267,
1791112136.73,t02_bootstrap-phreshphish,pp_e18c7ee830a3864e,S1b-250,summarise,0.002917,
1791112136.733,t02_bootstrap-phreshphish,pp_e18c7ee830a3864e,S1b-500,summarise,0.0022,
1791112136.735,t02_bootstrap-phreshphish,pp_e18c7ee830a3864e,S1b-1000,summarise,0.002161,
1791112136.737,t02_bootstrap-phreshphish,pp_e18c7ee830a3864e,S1b-2000,summarise,0.002178,
1791112136.74,t02_bootstrap-phreshphish,pp_e18c7ee830a3864e,S3,summarise,0.001808,
1791112136.74,t02_bootstrap-phreshphish,pp_4a114b3b67335a68,S0,summarise,1.5e-05,
1791112136.77,t02_bootstrap-phreshphish,pp_4a114b3b67335a68,S1,summarise,0.029017,
1791112136.872,t02_bootstrap-phreshphish,pp_4a114b3b67335a68,S1b-100,summarise,0.10244,
1791112136.9,t02_bootstrap-phreshphish,pp_4a114b3b67335a68,S1b-250,summarise,0.027905,
1791112136.928,t02_bootstrap-phreshphish,pp_4a114b3b67335a68,S1b-500,summarise,0.027779,
1791112136.956,t02_bootstrap-phreshphish,pp_4a114b3b67335a68,S1b-1000,summarise,0.027364,
1791112136.984,t02_bootstrap-phreshphish,pp_4a114b3b67335a68,S1b-2000,summarise,0.027861,
1791112137.009,t02_bootstrap-phreshphish,pp_4a114b3b67335a68,S3,summarise,0.024484,
1791112137.01,t02_bootstrap-phreshphish,pp_3e336949686cbf31,S0,summarise,1.6e-05,
1791112137.011,t02_bootstrap-phreshphish,pp_3e336949686cbf31,S1,summarise,0.001336,
1791112137.013,t02_bootstrap-phreshphish,pp_3e336949686cbf31,S1b-100,summarise,0.001288,
1791112137.014,t02_bootstrap-phreshphish,pp_3e336949686cbf31,S1b-250,summarise,0.001333,
1791112137.016,t02_bootstrap-phreshphish,pp_3e336949686cbf31,S1b-500,summarise,0.00161,
1791112137.017,t02_bootstrap-phreshphish,pp_3e336949686cbf31,S1b-1000,summarise,0.001156,
1791112137.019,t02_bootstrap-phreshphish,pp_3e336949686cbf31,S1b-2000,summarise,0.001205,
1791112137.02,t02_bootstrap-phreshphish,pp_3e336949686cbf31,S3,summarise,0.000812,
1791112137.02,t02_bootstrap-phreshphish,pp_32483e1e5bdeb477,S0,summarise,1.4e-05,
1791112137.022,t02_bootstrap-phreshphish,pp_32483e1e5bdeb477,S1,summarise,0.00173,
1791112137.024,t02_bootstrap-phreshphish,pp_32483e1e5bdeb477,S1b-100,summarise,0.001828,
1791112137.026,t02_bootstrap-phreshphish,pp_32483e1e5bdeb477,S1b-250,summarise,0.002016,
1791112137.028,t02_bootstrap-phreshphish,pp_32483e1e5bdeb477,S1b-500,summarise,0.001702,
1791112137.03,t02_bootstrap-phreshphish,pp_32483e1e5bdeb477,S1b-1000,summarise,0.001673,
1791112137.032,t02_bootstrap-phreshphish,pp_32483e1e5bdeb477,S1b-2000,summarise,0.001823,
1791112137.034,t02_bootstrap-phreshphish,pp_32483e1e5bdeb477,S3,summarise,0.001144,
1791112137.034,t02_bootstrap-phreshphish,pp_9826fdac38f38345,S0,summarise,1.7e-05,
1791112137.035,t02_bootstrap-phreshphish,pp_9826fdac38f38345,S1,summarise,0.001,
1791112137.036,t02_bootstrap-phreshphish,pp_9826fdac38f38345,S1b-100,summarise,0.000881,
1791112137.037,t02_bootstrap-phreshphish,pp_9826fdac38f38345,S1b-250,summarise,0.000937,
1791112137.038,t02_bootstrap-phreshphish,pp_9826fdac38f38345,S1b-500,summarise,0.000883,
1791112137.039,t02_bootstrap-phreshphish,pp_9826fdac38f38345,S1b-1000,summarise,0.000822,
1791112137.04,t02_bootstrap-phreshphish,pp_9826fdac38f38345,S1b-2000,summarise,0.000793,
1791112137.041,t02_bootstrap-phreshphish,pp_9826fdac38f38345,S3,summarise,0.000504,
1791112137.041,t02_bootstrap-phreshphish,pp_70897ced3bece48f,S0,summarise,1.3e-05,
1791112137.089,t02_bootstrap-phreshphish,pp_70897ced3bece48f,S1,summarise,0.047365,
1791112137.154,t02_bootstrap-phreshphish,pp_70897ced3bece48f,S1b-100,summarise,0.064223,
1791112137.2,t02_bootstrap-phreshphish,pp_70897ced3bece48f,S1b-250,summarise,0.045722,
1791112137.245,t02_bootstrap-phreshphish,pp_70897ced3bece48f,S1b-500,summarise,0.045101,
1791112137.292,t02_bootstrap-phreshphish,pp_70897ced3bece48f,S1b-1000,summarise,0.04665,
1791112137.347,t02_bootstrap-phreshphish,pp_70897ced3bece48f,S1b-2000,summarise,0.053796,
1791112137.426,t02_bootstrap-phreshphish,pp_70897ced3bece48f,S3,summarise,0.075647,
1791112137.426,t02_bootstrap-phreshphish,pp_7ac7360a7ebacb09,S0,summarise,1.6e-05,
1791112137.427,t02_bootstrap-phreshphish,pp_7ac7360a7ebacb09,S1,summarise,0.000726,
1791112137.428,t02_bootstrap-phreshphish,pp_7ac7360a7ebacb09,S1b-100,summarise,0.000669,
1791112137.429,t02_bootstrap-phreshphish,pp_7ac7360a7ebacb09,S1b-250,summarise,0.000684,
1791112137.429,t02_bootstrap-phreshphish,pp_7ac7360a7ebacb09,S1b-500,summarise,0.000602,
1791112137.43,t02_bootstrap-phreshphish,pp_7ac7360a7ebacb09,S1b-1000,summarise,0.000598,
1791112137.431,t02_bootstrap-phreshphish,pp_7ac7360a7ebacb09,S1b-2000,summarise,0.000653,
1791112137.431,t02_bootstrap-phreshphish,pp_7ac7360a7ebacb09,S3,summarise,0.000417,
1791112137.432,t02_bootstrap-phreshphish,pp_ba70ace0bf382948,S0,summarise,1.1e-05,
1791112137.461,t02_bootstrap-phreshphish,pp_ba70ace0bf382948,S1,summarise,0.028852,
1791112137.488,t02_bootstrap-phreshphish,pp_ba70ace0bf382948,S1b-100,summarise,0.027013,
1791112137.515,t02_bootstrap-phreshphish,pp_ba70ace0bf382948,S1b-250,summarise,0.026966,
1791112137.542,t02_bootstrap-phreshphish,pp_ba70ace0bf382948,S1b-500,summarise,0.027033,
1791112137.572,t02_bootstrap-phreshphish,pp_ba70ace0bf382948,S1b-1000,summarise,0.029243,
1791112137.619,t02_bootstrap-phreshphish,pp_ba70ace0bf382948,S1b-2000,summarise,0.04687,
1791112137.65,t02_bootstrap-phreshphish,pp_ba70ace0bf382948,S3,summarise,0.028704,
1791112137.65,t02_bootstrap-phreshphish,pp_7a863a609d6179ba,S0,summarise,1.5e-05,
1791112137.652,t02_bootstrap-phreshphish,pp_7a863a609d6179ba,S1,summarise,0.001417,
1791112137.654,t02_bootstrap-phreshphish,pp_7a863a609d6179ba,S1b-100,summarise,0.001743,
1791112137.655,t02_bootstrap-phreshphish,pp_7a863a609d6179ba,S1b-250,summarise,0.001393,
1791112137.657,t02_bootstrap-phreshphish,pp_7a863a609d6179ba,S1b-500,summarise,0.001301,
1791112137.658,t02_bootstrap-phreshphish,pp_7a863a609d6179ba,S1b-1000,summarise,0.00128,
1791112137.659,t02_bootstrap-phreshphish,pp_7a863a609d6179ba,S1b-2000,summarise,0.001223,
1791112137.66,t02_bootstrap-phreshphish,pp_7a863a609d6179ba,S3,summarise,0.000885,
1791112137.661,t02_bootstrap-phreshphish,pp_baef1f03a5d9074b,S0,summarise,1.2e-05,
1791112137.669,t02_bootstrap-phreshphish,pp_baef1f03a5d9074b,S1,summarise,0.007766,
1791112137.677,t02_bootstrap-phreshphish,pp_baef1f03a5d9074b,S1b-100,summarise,0.007685,
1791112137.685,t02_bootstrap-phreshphish,pp_baef1f03a5d9074b,S1b-250,summarise,0.008492,
1791112137.694,t02_bootstrap-phreshphish,pp_baef1f03a5d9074b,S1b-500,summarise,0.008093,
1791112137.701,t02_bootstrap-phreshphish,pp_baef1f03a5d9074b,S1b-1000,summarise,0.007617,
1791112137.709,t02_bootstrap-phreshphish,pp_baef1f03a5d9074b,S1b-2000,summarise,0.00763,
1791112137.715,t02_bootstrap-phreshphish,pp_baef1f03a5d9074b,S3,summarise,0.004952,
1791112137.715,t02_bootstrap-phreshphish,pp_3af77611336bac6e,S0,summarise,1e-05,
1791112137.808,t02_bootstrap-phreshphish,pp_3af77611336bac6e,S1,summarise,0.092704,
1791112137.919,t02_bootstrap-phreshphish,pp_3af77611336bac6e,S1b-100,summarise,0.11041,
1791112138.01,t02_bootstrap-phreshphish,pp_3af77611336bac6e,S1b-250,summarise,0.091342,
1791112138.103,t02_bootstrap-phreshphish,pp_3af77611336bac6e,S1b-500,summarise,0.091816,
1791112138.222,t02_bootstrap-phreshphish,pp_3af77611336bac6e,S1b-1000,summarise,0.118585,
1791112138.322,t02_bootstrap-phreshphish,pp_3af77611336bac6e,S1b-2000,summarise,0.099252,
1791112143.461,t02_bootstrap-phreshphish,pp_3af77611336bac6e,S3,summarise,5.134776,
1791112143.461,t02_bootstrap-phreshphish,pp_ee88be4f7636a237,S0,summarise,2e-05,
1791112143.509,t02_bootstrap-phreshphish,pp_ee88be4f7636a237,S1,summarise,0.047335,
1791112143.556,t02_bootstrap-phreshphish,pp_ee88be4f7636a237,S1b-100,summarise,0.046371,
1791112143.621,t02_bootstrap-phreshphish,pp_ee88be4f7636a237,S1b-250,summarise,0.065086,
1791112143.668,t02_bootstrap-phreshphish,pp_ee88be4f7636a237,S1b-500,summarise,0.046571,
1791112143.715,t02_bootstrap-phreshphish,pp_ee88be4f7636a237,S1b-1000,summarise,0.046412,
1791112143.764,t02_bootstrap-phreshphish,pp_ee88be4f7636a237,S1b-2000,summarise,0.048389,
1791112143.834,t02_bootstrap-phreshphish,pp_ee88be4f7636a237,S3,summarise,0.065943,
1791112143.834,t02_bootstrap-phreshphish,pp_75e9cc3cec4f3b03,S0,summarise,1.5e-05,
1791112143.842,t02_bootstrap-phreshphish,pp_75e9cc3cec4f3b03,S1,summarise,0.007032,
1791112143.847,t02_bootstrap-phreshphish,pp_75e9cc3cec4f3b03,S1b-100,summarise,0.005034,
1791112143.852,t02_bootstrap-phreshphish,pp_75e9cc3cec4f3b03,S1b-250,summarise,0.005173,
1791112143.858,t02_bootstrap-phreshphish,pp_75e9cc3cec4f3b03,S1b-500,summarise,0.005817,
1791112143.865,t02_bootstrap-phreshphish,pp_75e9cc3cec4f3b03,S1b-1000,summarise,0.006827,
1791112143.871,t02_bootstrap-phreshphish,pp_75e9cc3cec4f3b03,S1b-2000,summarise,0.005193,
1791112143.875,t02_bootstrap-phreshphish,pp_75e9cc3cec4f3b03,S3,summarise,0.00311,
1791112143.875,t02_bootstrap-phreshphish,pp_9c86b44639ebfdc5,S0,summarise,1.2e-05,
1791112143.887,t02_bootstrap-phreshphish,pp_9c86b44639ebfdc5,S1,summarise,0.010821,
1791112143.894,t02_bootstrap-phreshphish,pp_9c86b44639ebfdc5,S1b-100,summarise,0.007527,
1791112143.902,t02_bootstrap-phreshphish,pp_9c86b44639ebfdc5,S1b-250,summarise,0.007676,
1791112143.911,t02_bootstrap-phreshphish,pp_9c86b44639ebfdc5,S1b-500,summarise,0.008446,
1791112143.921,t02_bootstrap-phreshphish,pp_9c86b44639ebfdc5,S1b-1000,summarise,0.009869,
1791112143.929,t02_bootstrap-phreshphish,pp_9c86b44639ebfdc5,S1b-2000,summarise,0.007651,
1791112143.936,t02_bootstrap-phreshphish,pp_9c86b44639ebfdc5,S3,summarise,0.006034,
1791112143.936,t02_bootstrap-phreshphish,pp_309824e86fb51dbf,S0,summarise,1.2e-05,
1791112143.961,t02_bootstrap-phreshphish,pp_309824e86fb51dbf,S1,summarise,0.023959,
1791112143.983,t02_bootstrap-phreshphish,pp_309824e86fb51dbf,S1b-100,summarise,0.022673,
1791112144.006,t02_bootstrap-phreshphish,pp_309824e86fb51dbf,S1b-250,summarise,0.022965,
1791112144.03,t02_bootstrap-phreshphish,pp_309824e86fb51dbf,S1b-500,summarise,0.023688,
1791112144.055,t02_bootstrap-phreshphish,pp_309824e86fb51dbf,S1b-1000,summarise,0.023931,
1791112144.079,t02_bootstrap-phreshphish,pp_309824e86fb51dbf,S1b-2000,summarise,0.023803,
1791112144.12,t02_bootstrap-phreshphish,pp_309824e86fb51dbf,S3,summarise,0.038556,
1791112144.12,t02_bootstrap-phreshphish,pp_87521f57e2591180,S0,summarise,1.3e-05,
1791112144.128,t02_bootstrap-phreshphish,pp_87521f57e2591180,S1,summarise,0.007789,
1791112144.134,t02_bootstrap-phreshphish,pp_87521f57e2591180,S1b-100,summarise,0.005562,
1791112144.139,t02_bootstrap-phreshphish,pp_87521f57e2591180,S1b-250,summarise,0.005231,
1791112144.145,t02_bootstrap-phreshphish,pp_87521f57e2591180,S1b-500,summarise,0.005616,
1791112144.153,t02_bootstrap-phreshphish,pp_87521f57e2591180,S1b-1000,summarise,0.00762,
1791112144.16,t02_bootstrap-phreshphish,pp_87521f57e2591180,S1b-2000,summarise,0.006083,
1791112144.163,t02_bootstrap-phreshphish,pp_87521f57e2591180,S3,summarise,0.003636,
1791112144.164,t02_bootstrap-phreshphish,pp_6600e60f7451d4c8,S0,summarise,1.1e-05,
1791112144.18,t02_bootstrap-phreshphish,pp_6600e60f7451d4c8,S1,summarise,0.015785,
1791112144.194,t02_bootstrap-phreshphish,pp_6600e60f7451d4c8,S1b-100,summarise,0.014383,
1791112144.209,t02_bootstrap-phreshphish,pp_6600e60f7451d4c8,S1b-250,summarise,0.014484,
1791112144.224,t02_bootstrap-phreshphish,pp_6600e60f7451d4c8,S1b-500,summarise,0.014571,
1791112144.24,t02_bootstrap-phreshphish,pp_6600e60f7451d4c8,S1b-1000,summarise,0.016041,
1791112144.256,t02_bootstrap-phreshphish,pp_6600e60f7451d4c8,S1b-2000,summarise,0.015431,
1791112144.27,t02_bootstrap-phreshphish,pp_6600e60f7451d4c8,S3,summarise,0.012239,
1791112144.27,t02_bootstrap-phreshphish,pp_b1e9928a10581762,S0,summarise,1.1e-05,
1791112144.284,t02_bootstrap-phreshphish,pp_b1e9928a10581762,S1,summarise,0.013858,
1791112144.296,t02_bootstrap-phreshphish,pp_b1e9928a10581762,S1b-100,summarise,0.011489,
1791112144.308,t02_bootstrap-phreshphish,pp_b1e9928a10581762,S1b-250,summarise,0.011583,
1791112144.32,t02_bootstrap-phreshphish,pp_b1e9928a10581762,S1b-500,summarise,0.012357,
1791112144.334,t02_bootstrap-phreshphish,pp_b1e9928a10581762,S1b-1000,summarise,0.013296,
1791112144.346,t02_bootstrap-phreshphish,pp_b1e9928a10581762,S1b-2000,summarise,0.012171,
1791112144.353,t02_bootstrap-phreshphish,pp_b1e9928a10581762,S3,summarise,0.006553,
1791112144.354,t02_bootstrap-phreshphish,pp_c82859dcb798670e,S0,summarise,1.1e-05,
1791112144.379,t02_bootstrap-phreshphish,pp_c82859dcb798670e,S1,summarise,0.024671,
1791112144.417,t02_bootstrap-phreshphish,pp_c82859dcb798670e,S1b-100,summarise,0.037958,
1791112144.44,t02_bootstrap-phreshphish,pp_c82859dcb798670e,S1b-250,summarise,0.023137,
1791112144.464,t02_bootstrap-phreshphish,pp_c82859dcb798670e,S1b-500,summarise,0.023549,
1791112144.489,t02_bootstrap-phreshphish,pp_c82859dcb798670e,S1b-1000,summarise,0.024645,
1791112144.522,t02_bootstrap-phreshphish,pp_c82859dcb798670e,S1b-2000,summarise,0.032013,
1791112144.54,t02_bootstrap-phreshphish,pp_c82859dcb798670e,S3,summarise,0.017321,
1791112144.541,t02_bootstrap-phreshphish,pp_a7e925a38709e5d3,S0,summarise,1.2e-05,
1791112144.544,t02_bootstrap-phreshphish,pp_a7e925a38709e5d3,S1,summarise,0.003326,
1791112144.548,t02_bootstrap-phreshphish,pp_a7e925a38709e5d3,S1b-100,summarise,0.003342,
1791112144.551,t02_bootstrap-phreshphish,pp_a7e925a38709e5d3,S1b-250,summarise,0.003314,
1791112144.555,t02_bootstrap-phreshphish,pp_a7e925a38709e5d3,S1b-500,summarise,0.003396,
1791112144.558,t02_bootstrap-phreshphish,pp_a7e925a38709e5d3,S1b-1000,summarise,0.003267,
1791112144.562,t02_bootstrap-phreshphish,pp_a7e925a38709e5d3,S1b-2000,summarise,0.003303,
1791112144.563,t02_bootstrap-phreshphish,pp_a7e925a38709e5d3,S3,summarise,0.000884,
1791112144.563,t02_bootstrap-phreshphish,pp_f150584aafac10fb,S0,summarise,1.3e-05,
1791112144.568,t02_bootstrap-phreshphish,pp_f150584aafac10fb,S1,summarise,0.00523,
1791112144.574,t02_bootstrap-phreshphish,pp_f150584aafac10fb,S1b-100,summarise,0.005672,
1791112144.58,t02_bootstrap-phreshphish,pp_f150584aafac10fb,S1b-250,summarise,0.005248,
1791112144.585,t02_bootstrap-phreshphish,pp_f150584aafac10fb,S1b-500,summarise,0.005218,
1791112144.59,t02_bootstrap-phreshphish,pp_f150584aafac10fb,S1b-1000,summarise,0.005162,
1791112144.596,t02_bootstrap-phreshphish,pp_f150584aafac10fb,S1b-2000,summarise,0.005163,
1791112144.597,t02_bootstrap-phreshphish,pp_f150584aafac10fb,S3,summarise,0.001294,
1791112144.597,t02_bootstrap-phreshphish,pp_b7bbed4b6bb3be64,S0,summarise,1e-05,
1791112144.622,t02_bootstrap-phreshphish,pp_b7bbed4b6bb3be64,S1,summarise,0.024432,
1791112144.644,t02_bootstrap-phreshphish,pp_b7bbed4b6bb3be64,S1b-100,summarise,0.022028,
1791112144.667,t02_bootstrap-phreshphish,pp_b7bbed4b6bb3be64,S1b-250,summarise,0.022029,
1791112144.693,t02_bootstrap-phreshphish,pp_b7bbed4b6bb3be64,S1b-500,summarise,0.022506,
1791112144.735,t02_bootstrap-phreshphish,pp_b7bbed4b6bb3be64,S1b-1000,summarise,0.041685,
1791112144.759,t02_bootstrap-phreshphish,pp_b7bbed4b6bb3be64,S1b-2000,summarise,0.023375,
1791112144.78,t02_bootstrap-phreshphish,pp_b7bbed4b6bb3be64,S3,summarise,0.019178,
1791112144.78,t02_bootstrap-phreshphish,pp_372c805080f13613,S0,summarise,1.1e-05,
1791112144.794,t02_bootstrap-phreshphish,pp_372c805080f13613,S1,summarise,0.013376,
1791112144.806,t02_bootstrap-phreshphish,pp_372c805080f13613,S1b-100,summarise,0.012642,
1791112144.819,t02_bootstrap-phreshphish,pp_372c805080f13613,S1b-250,summarise,0.012242,
1791112144.832,t02_bootstrap-phreshphish,pp_372c805080f13613,S1b-500,summarise,0.012896,
1791112144.845,t02_bootstrap-phreshphish,pp_372c805080f13613,S1b-1000,summarise,0.013013,
1791112144.859,t02_bootstrap-phreshphish,pp_372c805080f13613,S1b-2000,summarise,0.013684,
1791112144.872,t02_bootstrap-phreshphish,pp_372c805080f13613,S3,summarise,0.011647,
1791112144.872,t02_bootstrap-phreshphish,pp_33f77a365a9ec8fa,S0,summarise,1.3e-05,
1791112144.883,t02_bootstrap-phreshphish,pp_33f77a365a9ec8fa,S1,summarise,0.010311,
1791112144.893,t02_bootstrap-phreshphish,pp_33f77a365a9ec8fa,S1b-100,summarise,0.010021,
1791112144.903,t02_bootstrap-phreshphish,pp_33f77a365a9ec8fa,S1b-250,summarise,0.009669,
1791112144.914,t02_bootstrap-phreshphish,pp_33f77a365a9ec8fa,S1b-500,summarise,0.010434,
1791112144.924,t02_bootstrap-phreshphish,pp_33f77a365a9ec8fa,S1b-1000,summarise,0.010091,
1791112144.934,t02_bootstrap-phreshphish,pp_33f77a365a9ec8fa,S1b-2000,summarise,0.010006,
1791112144.945,t02_bootstrap-phreshphish,pp_33f77a365a9ec8fa,S3,summarise,0.010542,
1791112144.946,t02_bootstrap-phreshphish,pp_383c8e07ae311e16,S0,summarise,1.4e-05,
1791112145.024,t02_bootstrap-phreshphish,pp_383c8e07ae311e16,S1,summarise,0.078081,
1791112145.088,t02_bootstrap-phreshphish,pp_383c8e07ae311e16,S1b-100,summarise,0.063035,
1791112145.15,t02_bootstrap-phreshphish,pp_383c8e07ae311e16,S1b-250,summarise,0.062199,
1791112145.235,t02_bootstrap-phreshphish,pp_383c8e07ae311e16,S1b-500,summarise,0.084698,
1791112145.299,t02_bootstrap-phreshphish,pp_383c8e07ae311e16,S1b-1000,summarise,0.063531,
1791112145.384,t02_bootstrap-phreshphish,pp_383c8e07ae311e16,S1b-2000,summarise,0.084039,
1791112145.445,t02_bootstrap-phreshphish,pp_383c8e07ae311e16,S3,summarise,0.058976,
1791112145.447,t02_bootstrap-phreshphish,pp_c5e512db7dd42b0f,S0,summarise,1.3e-05,
1791112145.479,t02_bootstrap-phreshphish,pp_c5e512db7dd42b0f,S1,summarise,0.031615,
1791112145.509,t02_bootstrap-phreshphish,pp_c5e512db7dd42b0f,S1b-100,summarise,0.030263,
1791112145.539,t02_bootstrap-phreshphish,pp_c5e512db7dd42b0f,S1b-250,summarise,0.030117,
1791112145.57,t02_bootstrap-phreshphish,pp_c5e512db7dd42b0f,S1b-500,summarise,0.030126,
1791112145.602,t02_bootstrap-phreshphish,pp_c5e512db7dd42b0f,S1b-1000,summarise,0.031801,
1791112145.656,t02_bootstrap-phreshphish,pp_c5e512db7dd42b0f,S1b-2000,summarise,0.053648,
1791112145.687,t02_bootstrap-phreshphish,pp_c5e512db7dd42b0f,S3,summarise,0.028116,
1791112145.687,t02_bootstrap-phreshphish,pp_c52aabbcc5158cfe,S0,summarise,1.4e-05,
1791112145.698,t02_bootstrap-phreshphish,pp_c52aabbcc5158cfe,S1,summarise,0.010423,
1791112145.706,t02_bootstrap-phreshphish,pp_c52aabbcc5158cfe,S1b-100,summarise,0.00744,
1791112145.714,t02_bootstrap-phreshphish,pp_c52aabbcc5158cfe,S1b-250,summarise,0.008208,
1791112145.722,t02_bootstrap-phreshphish,pp_c52aabbcc5158cfe,S1b-500,summarise,0.007942,
1791112145.733,t02_bootstrap-phreshphish,pp_c52aabbcc5158cfe,S1b-1000,summarise,0.01088,
1791112145.741,t02_bootstrap-phreshphish,pp_c52aabbcc5158cfe,S1b-2000,summarise,0.007586,
1791112145.748,t02_bootstrap-phreshphish,pp_c52aabbcc5158cfe,S3,summarise,0.006629,
1791112145.749,t02_bootstrap-phreshphish,pp_7e284b4c8e059baf,S0,summarise,1.3e-05,
1791112145.764,t02_bootstrap-phreshphish,pp_7e284b4c8e059baf,S1,summarise,0.014488,
1791112145.775,t02_bootstrap-phreshphish,pp_7e284b4c8e059baf,S1b-100,summarise,0.011693,
1791112145.788,t02_bootstrap-phreshphish,pp_7e284b4c8e059baf,S1b-250,summarise,0.012517,
1791112145.8,t02_bootstrap-phreshphish,pp_7e284b4c8e059baf,S1b-500,summarise,0.01205,
1791112145.815,t02_bootstrap-phreshphish,pp_7e284b4c8e059baf,S1b-1000,summarise,0.01437,
1791112145.827,t02_bootstrap-phreshphish,pp_7e284b4c8e059baf,S1b-2000,summarise,0.011911,
1791112145.835,t02_bootstrap-phreshphish,pp_7e284b4c8e059baf,S3,summarise,0.007451,
1791112145.836,t02_bootstrap-phreshphish,pp_5cde0e09c6b8aa37,S0,summarise,1.5e-05,
1791112145.862,t02_bootstrap-phreshphish,pp_5cde0e09c6b8aa37,S1,summarise,0.026483,
1791112145.888,t02_bootstrap-phreshphish,pp_5cde0e09c6b8aa37,S1b-100,summarise,0.02504,
1791112145.929,t02_bootstrap-phreshphish,pp_5cde0e09c6b8aa37,S1b-250,summarise,0.041042,
1791112145.955,t02_bootstrap-phreshphish,pp_5cde0e09c6b8aa37,S1b-500,summarise,0.026177,
1791112145.982,t02_bootstrap-phreshphish,pp_5cde0e09c6b8aa37,S1b-1000,summarise,0.026142,
1791112146.014,t02_bootstrap-phreshphish,pp_5cde0e09c6b8aa37,S1b-2000,summarise,0.032044,
1791112146.042,t02_bootstrap-phreshphish,pp_5cde0e09c6b8aa37,S3,summarise,0.0249,
1791112146.043,t02_bootstrap-phreshphish,pp_aaf0435c99537d26,S0,summarise,1.8e-05,
1791112146.055,t02_bootstrap-phreshphish,pp_aaf0435c99537d26,S1,summarise,0.012288,
1791112146.066,t02_bootstrap-phreshphish,pp_aaf0435c99537d26,S1b-100,summarise,0.011037,
1791112146.078,t02_bootstrap-phreshphish,pp_aaf0435c99537d26,S1b-250,summarise,0.01176,
1791112146.09,t02_bootstrap-phreshphish,pp_aaf0435c99537d26,S1b-500,summarise,0.011473,
1791112146.102,t02_bootstrap-phreshphish,pp_aaf0435c99537d26,S1b-1000,summarise,0.012131,
1791112146.116,t02_bootstrap-phreshphish,pp_aaf0435c99537d26,S1b-2000,summarise,0.013284,
1791112146.128,t02_bootstrap-phreshphish,pp_aaf0435c99537d26,S3,summarise,0.010168,
1791112146.129,t02_bootstrap-phreshphish,pp_c4dc9cb6d437aea7,S0,summarise,1.4e-05,
1791112146.213,t02_bootstrap-phreshphish,pp_c4dc9cb6d437aea7,S1,summarise,0.083738,
1791112146.277,t02_bootstrap-phreshphish,pp_c4dc9cb6d437aea7,S1b-100,summarise,0.06368,
1791112146.341,t02_bootstrap-phreshphish,pp_c4dc9cb6d437aea7,S1b-250,summarise,0.064211,
1791112146.428,t02_bootstrap-phreshphish,pp_c4dc9cb6d437aea7,S1b-500,summarise,0.086321,
1791112146.494,t02_bootstrap-phreshphish,pp_c4dc9cb6d437aea7,S1b-1000,summarise,0.066021,
1791112146.56,t02_bootstrap-phreshphish,pp_c4dc9cb6d437aea7,S1b-2000,summarise,0.065362,
1791112156.15,t02_bootstrap-phreshphish,pp_c4dc9cb6d437aea7,S3,summarise,9.585981,
1791112156.151,t02_bootstrap-phreshphish,pp_6a56e085a1bfa69e,S0,summarise,1.8e-05,
1791112156.171,t02_bootstrap-phreshphish,pp_6a56e085a1bfa69e,S1,summarise,0.019483,
1791112156.188,t02_bootstrap-phreshphish,pp_6a56e085a1bfa69e,S1b-100,summarise,0.016961,
1791112156.223,t02_bootstrap-phreshphish,pp_6a56e085a1bfa69e,S1b-250,summarise,0.034578,
1791112156.24,t02_bootstrap-phreshphish,pp_6a56e085a1bfa69e,S1b-500,summarise,0.016954,
1791112156.259,t02_bootstrap-phreshphish,pp_6a56e085a1bfa69e,S1b-1000,summarise,0.019008,
1791112156.287,t02_bootstrap-phreshphish,pp_6a56e085a1bfa69e,S1b-2000,summarise,0.02742,
1791112156.302,t02_bootstrap-phreshphish,pp_6a56e085a1bfa69e,S3,summarise,0.012908,
1791112156.302,t02_bootstrap-phreshphish,pp_67c5499d29de60a2,S0,summarise,1.3e-05,
1791112156.307,t02_bootstrap-phreshphish,pp_67c5499d29de60a2,S1,summarise,0.004357,
1791112156.311,t02_bootstrap-phreshphish,pp_67c5499d29de60a2,S1b-100,summarise,0.004534,
1791112156.316,t02_bootstrap-phreshphish,pp_67c5499d29de60a2,S1b-250,summarise,0.00457,
1791112156.321,t02_bootstrap-phreshphish,pp_67c5499d29de60a2,S1b-500,summarise,0.004609,
1791112156.325,t02_bootstrap-phreshphish,pp_67c5499d29de60a2,S1b-1000,summarise,0.004268,
1791112156.331,t02_bootstrap-phreshphish,pp_67c5499d29de60a2,S1b-2000,summarise,0.005079,
1791112156.335,t02_bootstrap-phreshphish,pp_67c5499d29de60a2,S3,summarise,0.003501,
1791112156.335,t02_bootstrap-phreshphish,pp_57cec1a05c81ad14,S0,summarise,1.7e-05,
1791112156.407,t02_bootstrap-phreshphish,pp_57cec1a05c81ad14,S1,summarise,0.071433,
1791112156.495,t02_bootstrap-phreshphish,pp_57cec1a05c81ad14,S1b-100,summarise,0.087626,
1791112156.565,t02_bootstrap-phreshphish,pp_57cec1a05c81ad14,S1b-250,summarise,0.069521,
1791112156.635,t02_bootstrap-phreshphish,pp_57cec1a05c81ad14,S1b-500,summarise,0.069941,
1791112156.735,t02_bootstrap-phreshphish,pp_57cec1a05c81ad14,S1b-1000,summarise,0.099909,
1791112156.817,t02_bootstrap-phreshphish,pp_57cec1a05c81ad14,S1b-2000,summarise,0.081459,
1791112160.548,t02_bootstrap-phreshphish,pp_57cec1a05c81ad14,S3,summarise,3.726539,
1791112160.549,t02_bootstrap-phreshphish,pp_e173c5b8df2aee72,S0,summarise,1.8e-05,
1791112160.563,t02_bootstrap-phreshphish,pp_e173c5b8df2aee72,S1,summarise,0.014382,
1791112160.577,t02_bootstrap-phreshphish,pp_e173c5b8df2aee72,S1b-100,summarise,0.013635,
1791112160.592,t02_bootstrap-phreshphish,pp_e173c5b8df2aee72,S1b-250,summarise,0.01466,
1791112160.606,t02_bootstrap-phreshphish,pp_e173c5b8df2aee72,S1b-500,summarise,0.013753,
1791112160.62,t02_bootstrap-phreshphish,pp_e173c5b8df2aee72,S1b-1000,summarise,0.014379,
1791112160.634,t02_bootstrap-phreshphish,pp_e173c5b8df2aee72,S1b-2000,summarise,0.013553,
1791112160.644,t02_bootstrap-phreshphish,pp_e173c5b8df2aee72,S3,summarise,0.008795,
1791112160.644,t02_bootstrap-phreshphish,pp_011fb6056372bd16,S0,summarise,1.5e-05,
1791112160.645,t02_bootstrap-phreshphish,pp_011fb6056372bd16,S1,summarise,0.001128,
1791112160.647,t02_bootstrap-phreshphish,pp_011fb6056372bd16,S1b-100,summarise,0.001087,
1791112160.648,t02_bootstrap-phreshphish,pp_011fb6056372bd16,S1b-250,summarise,0.000996,
1791112160.649,t02_bootstrap-phreshphish,pp_011fb6056372bd16,S1b-500,summarise,0.001051,
1791112160.65,t02_bootstrap-phreshphish,pp_011fb6056372bd16,S1b-1000,summarise,0.000998,
1791112160.652,t02_bootstrap-phreshphish,pp_011fb6056372bd16,S1b-2000,summarise,0.001648,
1791112160.653,t02_bootstrap-phreshphish,pp_011fb6056372bd16,S3,summarise,0.000673,
1791112160.653,t02_bootstrap-phreshphish,pp_499f968a307fdb3e,S0,summarise,1.2e-05,
1791112160.684,t02_bootstrap-phreshphish,pp_499f968a307fdb3e,S1,summarise,0.030867,
1791112160.714,t02_bootstrap-phreshphish,pp_499f968a307fdb3e,S1b-100,summarise,0.029097,
1791112160.743,t02_bootstrap-phreshphish,pp_499f968a307fdb3e,S1b-250,summarise,0.029266,
1791112160.773,t02_bootstrap-phreshphish,pp_499f968a307fdb3e,S1b-500,summarise,0.029743,
1791112160.825,t02_bootstrap-phreshphish,pp_499f968a307fdb3e,S1b-1000,summarise,0.051829,
1791112160.864,t02_bootstrap-phreshphish,pp_499f968a307fdb3e,S1b-2000,summarise,0.038337,
1791112160.89,t02_bootstrap-phreshphish,pp_499f968a307fdb3e,S3,summarise,0.023555,
1791112160.891,t02_bootstrap-phreshphish,pp_6d7187ac1f30d954,S0,summarise,1.1e-05,
1791112160.893,t02_bootstrap-phreshphish,pp_6d7187ac1f30d954,S1,summarise,0.001727,
1791112160.894,t02_bootstrap-phreshphish,pp_6d7187ac1f30d954,S1b-100,summarise,0.001637,
1791112160.896,t02_bootstrap-phreshphish,pp_6d7187ac1f30d954,S1b-250,summarise,0.001676,
1791112160.898,t02_bootstrap-phreshphish,pp_6d7187ac1f30d954,S1b-500,summarise,0.001606,
1791112160.9,t02_bootstrap-phreshphish,pp_6d7187ac1f30d954,S1b-1000,summarise,0.001609,
1791112160.902,t02_bootstrap-phreshphish,pp_6d7187ac1f30d954,S1b-2000,summarise,0.001666,
1791112160.903,t02_bootstrap-phreshphish,pp_6d7187ac1f30d954,S3,summarise,0.00119,
1791112160.903,t02_bootstrap-phreshphish,pp_8f1de1a0a54f6dd5,S0,summarise,1e-05,
1791112160.918,t02_bootstrap-phreshphish,pp_8f1de1a0a54f6dd5,S1,summarise,0.014146,
1791112160.929,t02_bootstrap-phreshphish,pp_8f1de1a0a54f6dd5,S1b-100,summarise,0.011187,
1791112160.941,t02_bootstrap-phreshphish,pp_8f1de1a0a54f6dd5,S1b-250,summarise,0.01204,
1791112160.954,t02_bootstrap-phreshphish,pp_8f1de1a0a54f6dd5,S1b-500,summarise,0.011982,
1791112160.968,t02_bootstrap-phreshphish,pp_8f1de1a0a54f6dd5,S1b-1000,summarise,0.014105,
1791112160.98,t02_bootstrap-phreshphish,pp_8f1de1a0a54f6dd5,S1b-2000,summarise,0.011336,
1791112160.988,t02_bootstrap-phreshphish,pp_8f1de1a0a54f6dd5,S3,summarise,0.007955,
1791112160.989,t02_bootstrap-phreshphish,pp_678b022c46507bce,S0,summarise,1.1e-05,
1791112161.013,t02_bootstrap-phreshphish,pp_678b022c46507bce,S1,summarise,0.023851,
1791112161.036,t02_bootstrap-phreshphish,pp_678b022c46507bce,S1b-100,summarise,0.022841,
1791112161.06,t02_bootstrap-phreshphish,pp_678b022c46507bce,S1b-250,summarise,0.023557,
1791112161.084,t02_bootstrap-phreshphish,pp_678b022c46507bce,S1b-500,summarise,0.023437,
1791112161.127,t02_bootstrap-phreshphish,pp_678b022c46507bce,S1b-1000,summarise,0.043408,
1791112161.153,t02_bootstrap-phreshphish,pp_678b022c46507bce,S1b-2000,summarise,0.025469,
1791112161.174,t02_bootstrap-phreshphish,pp_678b022c46507bce,S3,summarise,0.019879,
1791112161.175,t02_bootstrap-phreshphish,pp_7220dfb908e177af,S0,summarise,1.3e-05,
1791112161.21,t02_bootstrap-phreshphish,pp_7220dfb908e177af,S1,summarise,0.035203,
1791112161.243,t02_bootstrap-phreshphish,pp_7220dfb908e177af,S1b-100,summarise,0.032925,
1791112161.277,t02_bootstrap-phreshphish,pp_7220dfb908e177af,S1b-250,summarise,0.033332,
1791112161.31,t02_bootstrap-phreshphish,pp_7220dfb908e177af,S1b-500,summarise,0.033316,
1791112161.366,t02_bootstrap-phreshphish,pp_7220dfb908e177af,S1b-1000,summarise,0.055058,
1791112161.401,t02_bootstrap-phreshphish,pp_7220dfb908e177af,S1b-2000,summarise,0.034415,
1791112161.437,t02_bootstrap-phreshphish,pp_7220dfb908e177af,S3,summarise,0.032579,
1791112161.439,t02_bootstrap-phreshphish,pp_7a4e8d400af9d66c,S0,summarise,1.2e-05,
1791112161.494,t02_bootstrap-phreshphish,pp_7a4e8d400af9d66c,S1,summarise,0.055089,
1791112161.548,t02_bootstrap-phreshphish,pp_7a4e8d400af9d66c,S1b-100,summarise,0.053815,
1791112161.601,t02_bootstrap-phreshphish,pp_7a4e8d400af9d66c,S1b-250,summarise,0.052903,
1791112161.679,t02_bootstrap-phreshphish,pp_7a4e8d400af9d66c,S1b-500,summarise,0.077171,
1791112161.733,t02_bootstrap-phreshphish,pp_7a4e8d400af9d66c,S1b-1000,summarise,0.05416,
1791112161.793,t02_bootstrap-phreshphish,pp_7a4e8d400af9d66c,S1b-2000,summarise,0.059562,
1791112161.834,t02_bootstrap-phreshphish,pp_7a4e8d400af9d66c,S3,summarise,0.03726,
1791112161.835,t02_bootstrap-phreshphish,pp_8d6d3eb13de0f08d,S0,summarise,1.3e-05,
1791112161.838,t02_bootstrap-phreshphish,pp_8d6d3eb13de0f08d,S1,summarise,0.00324,
1791112161.841,t02_bootstrap-phreshphish,pp_8d6d3eb13de0f08d,S1b-100,summarise,0.002498,
1791112161.844,t02_bootstrap-phreshphish,pp_8d6d3eb13de0f08d,S1b-250,summarise,0.002544,
1791112161.847,t02_bootstrap-phreshphish,pp_8d6d3eb13de0f08d,S1b-500,summarise,0.003234,
1791112161.85,t02_bootstrap-phreshphish,pp_8d6d3eb13de0f08d,S1b-1000,summarise,0.003009,
1791112161.855,t02_bootstrap-phreshphish,pp_8d6d3eb13de0f08d,S1b-2000,summarise,0.004064,
1791112161.857,t02_bootstrap-phreshphish,pp_8d6d3eb13de0f08d,S3,summarise,0.001772,
1791112161.857,t02_bootstrap-phreshphish,pp_316bb8ecbb617919,S0,summarise,1.3e-05,
1791112161.859,t02_bootstrap-phreshphish,pp_316bb8ecbb617919,S1,summarise,0.001186,
1791112161.86,t02_bootstrap-phreshphish,pp_316bb8ecbb617919,S1b-100,summarise,0.001229,
1791112161.861,t02_bootstrap-phreshphish,pp_316bb8ecbb617919,S1b-250,summarise,0.00124,
1791112161.863,t02_bootstrap-phreshphish,pp_316bb8ecbb617919,S1b-500,summarise,0.001141,
1791112161.864,t02_bootstrap-phreshphish,pp_316bb8ecbb617919,S1b-1000,summarise,0.00111,
1791112161.865,t02_bootstrap-phreshphish,pp_316bb8ecbb617919,S1b-2000,summarise,0.001056,
1791112161.866,t02_bootstrap-phreshphish,pp_316bb8ecbb617919,S3,summarise,0.000791,
1791112161.866,t02_bootstrap-phreshphish,pp_68ff93845f768a93,S0,summarise,1.2e-05,
1791112161.879,t02_bootstrap-phreshphish,pp_68ff93845f768a93,S1,summarise,0.012392,
1791112161.888,t02_bootstrap-phreshphish,pp_68ff93845f768a93,S1b-100,summarise,0.009328,
1791112161.899,t02_bootstrap-phreshphish,pp_68ff93845f768a93,S1b-250,summarise,0.009935,
1791112161.908,t02_bootstrap-phreshphish,pp_68ff93845f768a93,S1b-500,summarise,0.009662,
1791112161.921,t02_bootstrap-phreshphish,pp_68ff93845f768a93,S1b-1000,summarise,0.012243,
1791112161.932,t02_bootstrap-phreshphish,pp_68ff93845f768a93,S1b-2000,summarise,0.01038,
1791112161.94,t02_bootstrap-phreshphish,pp_68ff93845f768a93,S3,summarise,0.007939,
1791112161.941,t02_bootstrap-phreshphish,pp_049ee84e7802ab1c,S0,summarise,1.1e-05,
1791112161.955,t02_bootstrap-phreshphish,pp_049ee84e7802ab1c,S1,summarise,0.014009,
1791112161.968,t02_bootstrap-phreshphish,pp_049ee84e7802ab1c,S1b-100,summarise,0.012489,
1791112162.003,t02_bootstrap-phreshphish,pp_049ee84e7802ab1c,S1b-250,summarise,0.034582,
1791112162.016,t02_bootstrap-phreshphish,pp_049ee84e7802ab1c,S1b-500,summarise,0.01303,
1791112162.03,t02_bootstrap-phreshphish,pp_049ee84e7802ab1c,S1b-1000,summarise,0.0139,
1791112162.052,t02_bootstrap-phreshphish,pp_049ee84e7802ab1c,S1b-2000,summarise,0.021405,
1791112162.063,t02_bootstrap-phreshphish,pp_049ee84e7802ab1c,S3,summarise,0.009857,
1791112162.064,t02_bootstrap-phreshphish,pp_0f718403cb79fb9b,S0,summarise,1.1e-05,
1791112162.085,t02_bootstrap-phreshphish,pp_0f718403cb79fb9b,S1,summarise,0.021142,
1791112162.104,t02_bootstrap-phreshphish,pp_0f718403cb79fb9b,S1b-100,summarise,0.01867,
1791112162.123,t02_bootstrap-phreshphish,pp_0f718403cb79fb9b,S1b-250,summarise,0.018898,
1791112162.143,t02_bootstrap-phreshphish,pp_0f718403cb79fb9b,S1b-500,summarise,0.019204,
1791112162.164,t02_bootstrap-phreshphish,pp_0f718403cb79fb9b,S1b-1000,summarise,0.020876,
1791112162.184,t02_bootstrap-phreshphish,pp_0f718403cb79fb9b,S1b-2000,summarise,0.020048,
1791112162.203,t02_bootstrap-phreshphish,pp_0f718403cb79fb9b,S3,summarise,0.017795,
1791112162.204,t02_bootstrap-phreshphish,pp_c4377d24ab11e7ae,S0,summarise,1.3e-05,
1791112162.205,t02_bootstrap-phreshphish,pp_c4377d24ab11e7ae,S1,summarise,0.001229,
1791112162.207,t02_bootstrap-phreshphish,pp_c4377d24ab11e7ae,S1b-100,summarise,0.001231,
1791112162.208,t02_bootstrap-phreshphish,pp_c4377d24ab11e7ae,S1b-250,summarise,0.001269,
1791112162.209,t02_bootstrap-phreshphish,pp_c4377d24ab11e7ae,S1b-500,summarise,0.001139,
1791112162.211,t02_bootstrap-phreshphish,pp_c4377d24ab11e7ae,S1b-1000,summarise,0.001195,
1791112162.212,t02_bootstrap-phreshphish,pp_c4377d24ab11e7ae,S1b-2000,summarise,0.001164,
1791112162.213,t02_bootstrap-phreshphish,pp_c4377d24ab11e7ae,S3,summarise,0.000847,
1791112162.213,t02_bootstrap-phreshphish,pp_a657a45e746462f1,S0,summarise,1.1e-05,
1791112162.259,t02_bootstrap-phreshphish,pp_a657a45e746462f1,S1,summarise,0.045738,
1791112162.321,t02_bootstrap-phreshphish,pp_a657a45e746462f1,S1b-100,summarise,0.061799,
1791112162.366,t02_bootstrap-phreshphish,pp_a657a45e746462f1,S1b-250,summarise,0.044505,
1791112162.411,t02_bootstrap-phreshphish,pp_a657a45e746462f1,S1b-500,summarise,0.045039,
1791112162.457,t02_bootstrap-phreshphish,pp_a657a45e746462f1,S1b-1000,summarise,0.045281,
1791112162.509,t02_bootstrap-phreshphish,pp_a657a45e746462f1,S1b-2000,summarise,0.051664,
1791112163.819,t02_bootstrap-phreshphish,pp_a657a45e746462f1,S3,summarise,1.305334,
1791112163.82,t02_bootstrap-phreshphish,pp_4cc5049f77116e40,S0,summarise,1.6e-05,
1791112163.877,t02_bootstrap-phreshphish,pp_4cc5049f77116e40,S1,summarise,0.056665,
1791112163.932,t02_bootstrap-phreshphish,pp_4cc5049f77116e40,S1b-100,summarise,0.05472,
1791112163.986,t02_bootstrap-phreshphish,pp_4cc5049f77116e40,S1b-250,summarise,0.054179,
1791112164.041,t02_bootstrap-phreshphish,pp_4cc5049f77116e40,S1b-500,summarise,0.054129,
1791112164.122,t02_bootstrap-phreshphish,pp_4cc5049f77116e40,S1b-1000,summarise,0.081011,
1791112164.185,t02_bootstrap-phreshphish,pp_4cc5049f77116e40,S1b-2000,summarise,0.062605,
1791112169.61,t02_bootstrap-phreshphish,pp_4cc5049f77116e40,S3,summarise,5.42076,
1791112169.611,t02_bootstrap-phreshphish,pp_3b45686a9b17c842,S0,summarise,1.6e-05,
1791112169.623,t02_bootstrap-phreshphish,pp_3b45686a9b17c842,S1,summarise,0.012166,
1791112169.633,t02_bootstrap-phreshphish,pp_3b45686a9b17c842,S1b-100,summarise,0.009989,
1791112169.644,t02_bootstrap-phreshphish,pp_3b45686a9b17c842,S1b-250,summarise,0.010791,
1791112169.655,t02_bootstrap-phreshphish,pp_3b45686a9b17c842,S1b-500,summarise,0.010837,
1791112169.686,t02_bootstrap-phreshphish,pp_3b45686a9b17c842,S1b-1000,summarise,0.029749,
1791112169.697,t02_bootstrap-phreshphish,pp_3b45686a9b17c842,S1b-2000,summarise,0.010376,
1791112169.706,t02_bootstrap-phreshphish,pp_3b45686a9b17c842,S3,summarise,0.008179,
1791112169.706,t02_bootstrap-phreshphish,pp_18c573fb0382616a,S0,summarise,1.7e-05,
1791112169.708,t02_bootstrap-phreshphish,pp_18c573fb0382616a,S1,summarise,0.001904,
1791112169.71,t02_bootstrap-phreshphish,pp_18c573fb0382616a,S1b-100,summarise,0.001801,
1791112169.713,t02_bootstrap-phreshphish,pp_18c573fb0382616a,S1b-250,summarise,0.002489,
1791112169.715,t02_bootstrap-phreshphish,pp_18c573fb0382616a,S1b-500,summarise,0.001732,
1791112169.717,t02_bootstrap-phreshphish,pp_18c573fb0382616a,S1b-1000,summarise,0.001797,
1791112169.719,t02_bootstrap-phreshphish,pp_18c573fb0382616a,S1b-2000,summarise,0.001773,
1791112169.72,t02_bootstrap-phreshphish,pp_18c573fb0382616a,S3,summarise,0.001319,
1791112169.72,t02_bootstrap-phreshphish,pp_6a6ffd0eec6a705f,S0,summarise,1.3e-05,
1791112169.746,t02_bootstrap-phreshphish,pp_6a6ffd0eec6a705f,S1,summarise,0.025403,
1791112169.769,t02_bootstrap-phreshphish,pp_6a6ffd0eec6a705f,S1b-100,summarise,0.022349,
1791112169.792,t02_bootstrap-phreshphish,pp_6a6ffd0eec6a705f,S1b-250,summarise,0.023128,
1791112169.815,t02_bootstrap-phreshphish,pp_6a6ffd0eec6a705f,S1b-500,summarise,0.022892,
1791112169.84,t02_bootstrap-phreshphish,pp_6a6ffd0eec6a705f,S1b-1000,summarise,0.024965,
1791112169.864,t02_bootstrap-phreshphish,pp_6a6ffd0eec6a705f,S1b-2000,summarise,0.023425,
1791112169.886,t02_bootstrap-phreshphish,pp_6a6ffd0eec6a705f,S3,summarise,0.019758,
1791112169.887,t02_bootstrap-phreshphish,pp_319b30373bca007e,S0,summarise,1e-05,
1791112169.922,t02_bootstrap-phreshphish,pp_319b30373bca007e,S1,summarise,0.034281,
1791112169.976,t02_bootstrap-phreshphish,pp_319b30373bca007e,S1b-100,summarise,0.053959,
1791112170.01,t02_bootstrap-phreshphish,pp_319b30373bca007e,S1b-250,summarise,0.033586,
1791112170.044,t02_bootstrap-phreshphish,pp_319b30373bca007e,S1b-500,summarise,0.034314,
1791112170.081,t02_bootstrap-phreshphish,pp_319b30373bca007e,S1b-1000,summarise,0.035991,
1791112170.122,t02_bootstrap-phreshphish,pp_319b30373bca007e,S1b-2000,summarise,0.040754,
1791112170.153,t02_bootstrap-phreshphish,pp_319b30373bca007e,S3,summarise,0.02897,
1791112170.154,t02_bootstrap-phreshphish,pp_6604d353756d3748,S0,summarise,7e-06,
1791112170.25,t02_bootstrap-phreshphish,pp_6604d353756d3748,S1,summarise,0.095527,
1791112170.324,t02_bootstrap-phreshphish,pp_6604d353756d3748,S1b-100,summarise,0.07337,
1791112170.397,t02_bootstrap-phreshphish,pp_6604d353756d3748,S1b-250,summarise,0.073058,
1791112170.498,t02_bootstrap-phreshphish,pp_6604d353756d3748,S1b-500,summarise,0.100001,
1791112170.573,t02_bootstrap-phreshphish,pp_6604d353756d3748,S1b-1000,summarise,0.075399,
1791112170.659,t02_bootstrap-phreshphish,pp_6604d353756d3748,S1b-2000,summarise,0.084799,
1791112170.73,t02_bootstrap-phreshphish,pp_6604d353756d3748,S3,summarise,0.068053,
1791112170.731,t02_bootstrap-phreshphish,pp_51f22da3d295b7c7,S0,summarise,2.2e-05,
1791112170.743,t02_bootstrap-phreshphish,pp_51f22da3d295b7c7,S1,summarise,0.012175,
1791112170.753,t02_bootstrap-phreshphish,pp_51f22da3d295b7c7,S1b-100,summarise,0.009734,
1791112170.764,t02_bootstrap-phreshphish,pp_51f22da3d295b7c7,S1b-250,summarise,0.010541,
1791112170.775,t02_bootstrap-phreshphish,pp_51f22da3d295b7c7,S1b-500,summarise,0.010608,
1791112170.812,t02_bootstrap-phreshphish,pp_51f22da3d295b7c7,S1b-1000,summarise,0.036604,
1791112170.823,t02_bootstrap-phreshphish,pp_51f22da3d295b7c7,S1b-2000,summarise,0.010889,
1791112170.83,t02_bootstrap-phreshphish,pp_51f22da3d295b7c7,S3,summarise,0.006202,
1791112170.83,t02_bootstrap-phreshphish,pp_ec53420b9cc349b0,S0,summarise,1.3e-05,
1791112170.855,t02_bootstrap-phreshphish,pp_ec53420b9cc349b0,S1,summarise,0.024311,
1791112170.878,t02_bootstrap-phreshphish,pp_ec53420b9cc349b0,S1b-100,summarise,0.022573,
1791112170.901,t02_bootstrap-phreshphish,pp_ec53420b9cc349b0,S1b-250,summarise,0.0226,
1791112170.927,t02_bootstrap-phreshphish,pp_ec53420b9cc349b0,S1b-500,summarise,0.025589,
1791112170.951,t02_bootstrap-phreshphish,pp_ec53420b9cc349b0,S1b-1000,summarise,0.02385,
1791112170.984,t02_bootstrap-phreshphish,pp_ec53420b9cc349b0,S1b-2000,summarise,0.031952,
1791112171.004,t02_bootstrap-phreshphish,pp_ec53420b9cc349b0,S3,summarise,0.018604,
1791112171.005,t02_bootstrap-phreshphish,pp_1aa2a296bfe48cd1,S0,summarise,1.3e-05,
1791112171.041,t02_bootstrap-phreshphish,pp_1aa2a296bfe48cd1,S1,summarise,0.036394,
1791112171.094,t02_bootstrap-phreshphish,pp_1aa2a296bfe48cd1,S1b-100,summarise,0.052399,
1791112171.128,t02_bootstrap-phreshphish,pp_1aa2a296bfe48cd1,S1b-250,summarise,0.033941,
1791112171.163,t02_bootstrap-phreshphish,pp_1aa2a296bfe48cd1,S1b-500,summarise,0.034467,
1791112171.199,t02_bootstrap-phreshphish,pp_1aa2a296bfe48cd1,S1b-1000,summarise,0.036089,
1791112171.242,t02_bootstrap-phreshphish,pp_1aa2a296bfe48cd1,S1b-2000,summarise,0.042647,
1791112171.279,t02_bootstrap-phreshphish,pp_1aa2a296bfe48cd1,S3,summarise,0.033617,
1791112171.279,t02_bootstrap-phreshphish,pp_abc6829f73a1e6fd,S0,summarise,1.2e-05,
1791112171.296,t02_bootstrap-phreshphish,pp_abc6829f73a1e6fd,S1,summarise,0.016754,
1791112171.312,t02_bootstrap-phreshphish,pp_abc6829f73a1e6fd,S1b-100,summarise,0.015541,
1791112171.328,t02_bootstrap-phreshphish,pp_abc6829f73a1e6fd,S1b-250,summarise,0.016058,
1791112171.367,t02_bootstrap-phreshphish,pp_abc6829f73a1e6fd,S1b-500,summarise,0.038172,
1791112171.384,t02_bootstrap-phreshphish,pp_abc6829f73a1e6fd,S1b-1000,summarise,0.016522,
1791112171.401,t02_bootstrap-phreshphish,pp_abc6829f73a1e6fd,S1b-2000,summarise,0.017326,
1791112171.414,t02_bootstrap-phreshphish,pp_abc6829f73a1e6fd,S3,summarise,0.012362,
1791112171.415,t02_bootstrap-phreshphish,pp_890f1fe79e649069,S0,summarise,1.4e-05,
1791112171.444,t02_bootstrap-phreshphish,pp_890f1fe79e649069,S1,summarise,0.029203,
1791112171.472,t02_bootstrap-phreshphish,pp_890f1fe79e649069,S1b-100,summarise,0.02767,
1791112171.5,t02_bootstrap-phreshphish,pp_890f1fe79e649069,S1b-250,summarise,0.027552,
1791112171.528,t02_bootstrap-phreshphish,pp_890f1fe79e649069,S1b-500,summarise,0.028012,
1791112171.558,t02_bootstrap-phreshphish,pp_890f1fe79e649069,S1b-1000,summarise,0.028812,
1791112171.587,t02_bootstrap-phreshphish,pp_890f1fe79e649069,S1b-2000,summarise,0.029243,
1791112171.609,t02_bootstrap-phreshphish,pp_890f1fe79e649069,S3,summarise,0.01905,
1791112171.609,t02_bootstrap-phreshphish,pp_ff7b4331556b690a,S0,summarise,1.1e-05,
1791112171.615,t02_bootstrap-phreshphish,pp_ff7b4331556b690a,S1,summarise,0.005216,
1791112171.62,t02_bootstrap-phreshphish,pp_ff7b4331556b690a,S1b-100,summarise,0.005034,
1791112171.625,t02_bootstrap-phreshphish,pp_ff7b4331556b690a,S1b-250,summarise,0.004869,
1791112171.63,t02_bootstrap-phreshphish,pp_ff7b4331556b690a,S1b-500,summarise,0.005059,
1791112171.635,t02_bootstrap-phreshphish,pp_ff7b4331556b690a,S1b-1000,summarise,0.005026,
1791112171.659,t02_bootstrap-phreshphish,pp_ff7b4331556b690a,S1b-2000,summarise,0.023289,
1791112171.663,t02_bootstrap-phreshphish,pp_ff7b4331556b690a,S3,summarise,0.003763,
1791112171.664,t02_bootstrap-phreshphish,pp_bf288c9bfcced171,S0,summarise,1.3e-05,
1791112171.671,t02_bootstrap-phreshphish,pp_bf288c9bfcced171,S1,summarise,0.007284,
1791112171.678,t02_bootstrap-phreshphish,pp_bf288c9bfcced171,S1b-100,summarise,0.006594,
1791112171.686,t02_bootstrap-phreshphish,pp_bf288c9bfcced171,S1b-250,summarise,0.00738,
1791112171.693,t02_bootstrap-phreshphish,pp_bf288c9bfcced171,S1b-500,summarise,0.006852,
1791112171.7,t02_bootstrap-phreshphish,pp_bf288c9bfcced171,S1b-1000,summarise,0.006832,
1791112171.707,t02_bootstrap-phreshphish,pp_bf288c9bfcced171,S1b-2000,summarise,0.007269,
1791112171.714,t02_bootstrap-phreshphish,pp_bf288c9bfcced171,S3,summarise,0.005777,
1791112171.714,t02_bootstrap-phreshphish,pp_e3015bbe9e31b3d0,S0,summarise,1.2e-05,
1791112171.741,t02_bootstrap-phreshphish,pp_e3015bbe9e31b3d0,S1,summarise,0.026712,
1791112171.766,t02_bootstrap-phreshphish,pp_e3015bbe9e31b3d0,S1b-100,summarise,0.024688,
1791112171.791,t02_bootstrap-phreshphish,pp_e3015bbe9e31b3d0,S1b-250,summarise,0.024468,
1791112171.815,t02_bootstrap-phreshphish,pp_e3015bbe9e31b3d0,S1b-500,summarise,0.024671,
1791112171.842,t02_bootstrap-phreshphish,pp_e3015bbe9e31b3d0,S1b-1000,summarise,0.026588,
1791112171.868,t02_bootstrap-phreshphish,pp_e3015bbe9e31b3d0,S1b-2000,summarise,0.025428,
1791112171.894,t02_bootstrap-phreshphish,pp_e3015bbe9e31b3d0,S3,summarise,0.023132,
1791112171.894,t02_bootstrap-phreshphish,pp_54d51c98c1bb9551,S0,summarise,1.3e-05,
1791112171.925,t02_bootstrap-phreshphish,pp_54d51c98c1bb9551,S1,summarise,0.029994,
1791112171.937,t02_bootstrap-phreshphish,pp_54d51c98c1bb9551,S1b-100,summarise,0.011818,
1791112171.949,t02_bootstrap-phreshphish,pp_54d51c98c1bb9551,S1b-250,summarise,0.012342,
1791112171.962,t02_bootstrap-phreshphish,pp_54d51c98c1bb9551,S1b-500,summarise,0.01242,
1791112171.974,t02_bootstrap-phreshphish,pp_54d51c98c1bb9551,S1b-1000,summarise,0.012348,
1791112171.988,t02_bootstrap-phreshphish,pp_54d51c98c1bb9551,S1b-2000,summarise,0.013233,
1791112171.997,t02_bootstrap-phreshphish,pp_54d51c98c1bb9551,S3,summarise,0.008028,
1791112171.997,t02_bootstrap-phreshphish,pp_8809c5fb922876e0,S0,summarise,1.7e-05,
1791112172.018,t02_bootstrap-phreshphish,pp_8809c5fb922876e0,S1,summarise,0.020247,
1791112172.037,t02_bootstrap-phreshphish,pp_8809c5fb922876e0,S1b-100,summarise,0.018683,
1791112172.056,t02_bootstrap-phreshphish,pp_8809c5fb922876e0,S1b-250,summarise,0.018909,
1791112172.075,t02_bootstrap-phreshphish,pp_8809c5fb922876e0,S1b-500,summarise,0.018913,
1791112172.097,t02_bootstrap-phreshphish,pp_8809c5fb922876e0,S1b-1000,summarise,0.021297,
1791112172.117,t02_bootstrap-phreshphish,pp_8809c5fb922876e0,S1b-2000,summarise,0.019683,
1791112172.136,t02_bootstrap-phreshphish,pp_8809c5fb922876e0,S3,summarise,0.016853,
1791112172.136,t02_bootstrap-phreshphish,pp_867343aea77f5470,S0,summarise,1.9e-05,
1791112172.139,t02_bootstrap-phreshphish,pp_867343aea77f5470,S1,summarise,0.002475,
1791112172.141,t02_bootstrap-phreshphish,pp_867343aea77f5470,S1b-100,summarise,0.002122,
1791112172.144,t02_bootstrap-phreshphish,pp_867343aea77f5470,S1b-250,summarise,0.002246,
1791112172.146,t02_bootstrap-phreshphish,pp_867343aea77f5470,S1b-500,summarise,0.002567,
1791112172.149,t02_bootstrap-phreshphish,pp_867343aea77f5470,S1b-1000,summarise,0.002199,
1791112172.151,t02_bootstrap-phreshphish,pp_867343aea77f5470,S1b-2000,summarise,0.00217,
1791112172.153,t02_bootstrap-phreshphish,pp_867343aea77f5470,S3,summarise,0.001429,
1791112172.153,t02_bootstrap-phreshphish,pp_11749b0275bfa2ec,S0,summarise,1.4e-05,
1791112172.168,t02_bootstrap-phreshphish,pp_11749b0275bfa2ec,S1,summarise,0.013935,
1791112172.18,t02_bootstrap-phreshphish,pp_11749b0275bfa2ec,S1b-100,summarise,0.012374,
1791112172.194,t02_bootstrap-phreshphish,pp_11749b0275bfa2ec,S1b-250,summarise,0.013231,
1791112172.207,t02_bootstrap-phreshphish,pp_11749b0275bfa2ec,S1b-500,summarise,0.012919,
1791112172.239,t02_bootstrap-phreshphish,pp_11749b0275bfa2ec,S1b-1000,summarise,0.031512,
1791112172.253,t02_bootstrap-phreshphish,pp_11749b0275bfa2ec,S1b-2000,summarise,0.014244,
1791112172.265,t02_bootstrap-phreshphish,pp_11749b0275bfa2ec,S3,summarise,0.010839,
1791112172.266,t02_bootstrap-phreshphish,pp_12d775642350c1be,S0,summarise,1.6e-05,
1791112172.331,t02_bootstrap-phreshphish,pp_12d775642350c1be,S1,summarise,0.06435,
1791112172.395,t02_bootstrap-phreshphish,pp_12d775642350c1be,S1b-100,summarise,0.06455,
1791112172.485,t02_bootstrap-phreshphish,pp_12d775642350c1be,S1b-250,summarise,0.089032,
1791112172.552,t02_bootstrap-phreshphish,pp_12d775642350c1be,S1b-500,summarise,0.066839,
1791112172.621,t02_bootstrap-phreshphish,pp_12d775642350c1be,S1b-1000,summarise,0.068393,
1791112172.692,t02_bootstrap-phreshphish,pp_12d775642350c1be,S1b-2000,summarise,0.070867,
1791112177.013,t02_bootstrap-phreshphish,pp_12d775642350c1be,S3,summarise,4.316113,
1791112177.014,t02_bootstrap-phreshphish,pp_5822c0e3d16bffc3,S0,summarise,2.1e-05,
1791112177.042,t02_bootstrap-phreshphish,pp_5822c0e3d16bffc3,S1,summarise,0.028028,
1791112177.07,t02_bootstrap-phreshphish,pp_5822c0e3d16bffc3,S1b-100,summarise,0.027318,
1791112177.098,t02_bootstrap-phreshphish,pp_5822c0e3d16bffc3,S1b-250,summarise,0.027703,
1791112177.125,t02_bootstrap-phreshphish,pp_5822c0e3d16bffc3,S1b-500,summarise,0.027266,
1791112177.17,t02_bootstrap-phreshphish,pp_5822c0e3d16bffc3,S1b-1000,summarise,0.044917,
1791112177.203,t02_bootstrap-phreshphish,pp_5822c0e3d16bffc3,S1b-2000,summarise,0.031796,
1791112177.221,t02_bootstrap-phreshphish,pp_5822c0e3d16bffc3,S3,summarise,0.016076,
1791112177.221,t02_bootstrap-phreshphish,pp_3c831e3ec962ccbd,S0,summarise,1.2e-05,
1791112177.268,t02_bootstrap-phreshphish,pp_3c831e3ec962ccbd,S1,summarise,0.046768,
1791112177.314,t02_bootstrap-phreshphish,pp_3c831e3ec962ccbd,S1b-100,summarise,0.045482,
1791112177.361,t02_bootstrap-phreshphish,pp_3c831e3ec962ccbd,S1b-250,summarise,0.046464,
1791112177.428,t02_bootstrap-phreshphish,pp_3c831e3ec962ccbd,S1b-500,summarise,0.067019,
1791112177.474,t02_bootstrap-phreshphish,pp_3c831e3ec962ccbd,S1b-1000,summarise,0.045458,
1791112177.522,t02_bootstrap-phreshphish,pp_3c831e3ec962ccbd,S1b-2000,summarise,0.047204,
1791112177.567,t02_bootstrap-phreshphish,pp_3c831e3ec962ccbd,S3,summarise,0.042405,
1791112177.568,t02_bootstrap-phreshphish,pp_4cd531583d7366ff,S0,summarise,1.9e-05,
1791112177.59,t02_bootstrap-phreshphish,pp_4cd531583d7366ff,S1,summarise,0.021438,
1791112177.61,t02_bootstrap-phreshphish,pp_4cd531583d7366ff,S1b-100,summarise,0.020409,
1791112177.633,t02_bootstrap-phreshphish,pp_4cd531583d7366ff,S1b-250,summarise,0.022543,
1791112177.655,t02_bootstrap-phreshphish,pp_4cd531583d7366ff,S1b-500,summarise,0.021679,
1791112177.701,t02_bootstrap-phreshphish,pp_4cd531583d7366ff,S1b-1000,summarise,0.045117,
1791112177.73,t02_bootstrap-phreshphish,pp_4cd531583d7366ff,S1b-2000,summarise,0.028453,
1791112177.751,t02_bootstrap-phreshphish,pp_4cd531583d7366ff,S3,summarise,0.018902,
1791112177.752,t02_bootstrap-phreshphish,pp_8319c3af76d6f841,S0,summarise,1.4e-05,
1791112177.769,t02_bootstrap-phreshphish,pp_8319c3af76d6f841,S1,summarise,0.016394,
1791112177.782,t02_bootstrap-phreshphish,pp_8319c3af76d6f841,S1b-100,summarise,0.013748,
1791112177.796,t02_bootstrap-phreshphish,pp_8319c3af76d6f841,S1b-250,summarise,0.013212,
1791112177.81,t02_bootstrap-phreshphish,pp_8319c3af76d6f841,S1b-500,summarise,0.014167,
1791112177.826,t02_bootstrap-phreshphish,pp_8319c3af76d6f841,S1b-1000,summarise,0.01547,
1791112177.84,t02_bootstrap-phreshphish,pp_8319c3af76d6f841,S1b-2000,summarise,0.013181,
1791112177.853,t02_bootstrap-phreshphish,pp_8319c3af76d6f841,S3,summarise,0.012311,
1791112177.854,t02_bootstrap-phreshphish,pp_400c97406ba520c2,S0,summarise,1.2e-05,
1791112177.998,t02_bootstrap-phreshphish,pp_400c97406ba520c2,S1,summarise,0.143415,
1791112178.121,t02_bootstrap-phreshphish,pp_400c97406ba520c2,S1b-100,summarise,0.123131,
1791112178.278,t02_bootstrap-phreshphish,pp_400c97406ba520c2,S1b-250,summarise,0.156898,
1791112178.439,t02_bootstrap-phreshphish,pp_400c97406ba520c2,S1b-500,summarise,0.161119,
1791112178.585,t02_bootstrap-phreshphish,pp_400c97406ba520c2,S1b-1000,summarise,0.144916,
1791112178.757,t02_bootstrap-phreshphish,pp_400c97406ba520c2,S1b-2000,summarise,0.17112,
1791112182.929,t02_bootstrap-phreshphish,pp_400c97406ba520c2,S3,summarise,4.167169,
1791112182.93,t02_bootstrap-phreshphish,pp_3a43fc7aa6131a28,S0,summarise,2.4e-05,
1791112182.98,t02_bootstrap-phreshphish,pp_3a43fc7aa6131a28,S1,summarise,0.049423,
1791112183.03,t02_bootstrap-phreshphish,pp_3a43fc7aa6131a28,S1b-100,summarise,0.049584,
1791112183.095,t02_bootstrap-phreshphish,pp_3a43fc7aa6131a28,S1b-250,summarise,0.065236,
1791112183.182,t02_bootstrap-phreshphish,pp_3a43fc7aa6131a28,S1b-500,summarise,0.086344,
1791112183.235,t02_bootstrap-phreshphish,pp_3a43fc7aa6131a28,S1b-1000,summarise,0.052188,
1791112183.288,t02_bootstrap-phreshphish,pp_3a43fc7aa6131a28,S1b-2000,summarise,0.052384,
1791112183.335,t02_bootstrap-phreshphish,pp_3a43fc7aa6131a28,S3,summarise,0.044269,
1791112183.336,t02_bootstrap-phreshphish,pp_57319b90bb1c9889,S0,summarise,1.6e-05,
1791112183.342,t02_bootstrap-phreshphish,pp_57319b90bb1c9889,S1,summarise,0.005259,
1791112183.346,t02_bootstrap-phreshphish,pp_57319b90bb1c9889,S1b-100,summarise,0.004505,
1791112183.352,t02_bootstrap-phreshphish,pp_57319b90bb1c9889,S1b-250,summarise,0.005139,
1791112183.357,t02_bootstrap-phreshphish,pp_57319b90bb1c9889,S1b-500,summarise,0.005575,
1791112183.362,t02_bootstrap-phreshphish,pp_57319b90bb1c9889,S1b-1000,summarise,0.004237,
1791112183.367,t02_bootstrap-phreshphish,pp_57319b90bb1c9889,S1b-2000,summarise,0.004275,
1791112183.37,t02_bootstrap-phreshphish,pp_57319b90bb1c9889,S3,summarise,0.002702,
1791112183.37,t02_bootstrap-phreshphish,pp_44bb2bd4d205ae96,S0,summarise,2e-05,
1791112183.379,t02_bootstrap-phreshphish,pp_44bb2bd4d205ae96,S1,summarise,0.009199,
1791112183.388,t02_bootstrap-phreshphish,pp_44bb2bd4d205ae96,S1b-100,summarise,0.008237,
1791112183.396,t02_bootstrap-phreshphish,pp_44bb2bd4d205ae96,S1b-250,summarise,0.008245,
1791112183.405,t02_bootstrap-phreshphish,pp_44bb2bd4d205ae96,S1b-500,summarise,0.008962,
1791112183.414,t02_bootstrap-phreshphish,pp_44bb2bd4d205ae96,S1b-1000,summarise,0.00807,
1791112183.422,t02_bootstrap-phreshphish,pp_44bb2bd4d205ae96,S1b-2000,summarise,0.007957,
1791112183.43,t02_bootstrap-phreshphish,pp_44bb2bd4d205ae96,S3,summarise,0.006682,
1791112183.43,t02_bootstrap-phreshphish,pp_6d104a0110d0dfbe,S0,summarise,1.7e-05,
1791112183.463,t02_bootstrap-phreshphish,pp_6d104a0110d0dfbe,S1,summarise,0.032427,
1791112183.472,t02_bootstrap-phreshphish,pp_6d104a0110d0dfbe,S1b-100,summarise,0.008863,
1791112183.481,t02_bootstrap-phreshphish,pp_6d104a0110d0dfbe,S1b-250,summarise,0.008624,
1791112183.49,t02_bootstrap-phreshphish,pp_6d104a0110d0dfbe,S1b-500,summarise,0.00935,
1791112183.5,t02_bootstrap-phreshphish,pp_6d104a0110d0dfbe,S1b-1000,summarise,0.009109,
1791112183.512,t02_bootstrap-phreshphish,pp_6d104a0110d0dfbe,S1b-2000,summarise,0.01121,
1791112183.52,t02_bootstrap-phreshphish,pp_6d104a0110d0dfbe,S3,summarise,0.007822,
1791112183.521,t02_bootstrap-phreshphish,pp_dc4dde37fd23d15b,S0,summarise,1.7e-05,
1791112183.576,t02_bootstrap-phreshphish,pp_dc4dde37fd23d15b,S1,summarise,0.055478,
1791112183.63,t02_bootstrap-phreshphish,pp_dc4dde37fd23d15b,S1b-100,summarise,0.052759,
1791112183.68,t02_bootstrap-phreshphish,pp_dc4dde37fd23d15b,S1b-250,summarise,0.050417,
1791112183.752,t02_bootstrap-phreshphish,pp_dc4dde37fd23d15b,S1b-500,summarise,0.07173,
1791112183.806,t02_bootstrap-phreshphish,pp_dc4dde37fd23d15b,S1b-1000,summarise,0.053146,
1791112183.856,t02_bootstrap-phreshphish,pp_dc4dde37fd23d15b,S1b-2000,summarise,0.04917,
1791112183.906,t02_bootstrap-phreshphish,pp_dc4dde37fd23d15b,S3,summarise,0.046717,
1791112183.906,t02_bootstrap-phreshphish,pp_00c858741eb5b43a,S0,summarise,1.5e-05,
1791112183.908,t02_bootstrap-phreshphish,pp_00c858741eb5b43a,S1,summarise,0.001777,
1791112183.91,t02_bootstrap-phreshphish,pp_00c858741eb5b43a,S1b-100,summarise,0.001824,
1791112183.912,t02_bootstrap-phreshphish,pp_00c858741eb5b43a,S1b-250,summarise,0.001909,
1791112183.914,t02_bootstrap-phreshphish,pp_00c858741eb5b43a,S1b-500,summarise,0.001654,
1791112183.916,t02_bootstrap-phreshphish,pp_00c858741eb5b43a,S1b-1000,summarise,0.001616,
1791112183.918,t02_bootstrap-phreshphish,pp_00c858741eb5b43a,S1b-2000,summarise,0.001664,
1791112183.919,t02_bootstrap-phreshphish,pp_00c858741eb5b43a,S3,summarise,0.001061,
1791112183.919,t02_bootstrap-phreshphish,pp_de434e0d276ce432,S0,summarise,1.3e-05,
1791112183.991,t02_bootstrap-phreshphish,pp_de434e0d276ce432,S1,summarise,0.070904,
1791112184.04,t02_bootstrap-phreshphish,pp_de434e0d276ce432,S1b-100,summarise,0.049312,
1791112184.089,t02_bootstrap-phreshphish,pp_de434e0d276ce432,S1b-250,summarise,0.048571,
1791112184.165,t02_bootstrap-phreshphish,pp_de434e0d276ce432,S1b-500,summarise,0.075369,
1791112184.22,t02_bootstrap-phreshphish,pp_de434e0d276ce432,S1b-1000,summarise,0.055154,
1791112184.295,t02_bootstrap-phreshphish,pp_de434e0d276ce432,S1b-2000,summarise,0.073371,
1791112184.361,t02_bootstrap-phreshphish,pp_de434e0d276ce432,S3,summarise,0.064494,
1791112184.362,t02_bootstrap-phreshphish,pp_c56b8994e7a6cf38,S0,summarise,2e-05,
1791112184.462,t02_bootstrap-phreshphish,pp_c56b8994e7a6cf38,S1,summarise,0.099627,
1791112184.534,t02_bootstrap-phreshphish,pp_c56b8994e7a6cf38,S1b-100,summarise,0.07179,
1791112184.603,t02_bootstrap-phreshphish,pp_c56b8994e7a6cf38,S1b-250,summarise,0.068687,
1791112184.695,t02_bootstrap-phreshphish,pp_c56b8994e7a6cf38,S1b-500,summarise,0.091864,
1791112184.765,t02_bootstrap-phreshphish,pp_c56b8994e7a6cf38,S1b-1000,summarise,0.069431,
1791112184.835,t02_bootstrap-phreshphish,pp_c56b8994e7a6cf38,S1b-2000,summarise,0.069049,
1791112191.807,t02_bootstrap-phreshphish,pp_c56b8994e7a6cf38,S3,summarise,6.967543,
1791112191.807,t02_bootstrap-phreshphish,pp_099225faa7870f4c,S0,summarise,1.8e-05,
1791112191.831,t02_bootstrap-phreshphish,pp_099225faa7870f4c,S1,summarise,0.023275,
1791112191.852,t02_bootstrap-phreshphish,pp_099225faa7870f4c,S1b-100,summarise,0.021102,
1791112191.874,t02_bootstrap-phreshphish,pp_099225faa7870f4c,S1b-250,summarise,0.021587,
1791112191.895,t02_bootstrap-phreshphish,pp_099225faa7870f4c,S1b-500,summarise,0.021303,
1791112191.92,t02_bootstrap-phreshphish,pp_099225faa7870f4c,S1b-1000,summarise,0.023696,
1791112191.943,t02_bootstrap-phreshphish,pp_099225faa7870f4c,S1b-2000,summarise,0.023021,
1791112191.965,t02_bootstrap-phreshphish,pp_099225faa7870f4c,S3,summarise,0.019842,
1791112191.965,t02_bootstrap-phreshphish,pp_bd8160485beac2e6,S0,summarise,1.5e-05,
1791112191.999,t02_bootstrap-phreshphish,pp_bd8160485beac2e6,S1,summarise,0.033204,
1791112192.014,t02_bootstrap-phreshphish,pp_bd8160485beac2e6,S1b-100,summarise,0.014251,
1791112192.028,t02_bootstrap-phreshphish,pp_bd8160485beac2e6,S1b-250,summarise,0.014021,
1791112192.044,t02_bootstrap-phreshphish,pp_bd8160485beac2e6,S1b-500,summarise,0.015862,
1791112192.059,t02_bootstrap-phreshphish,pp_bd8160485beac2e6,S1b-1000,summarise,0.015169,
1791112192.076,t02_bootstrap-phreshphish,pp_bd8160485beac2e6,S1b-2000,summarise,0.016208,
1791112192.09,t02_bootstrap-phreshphish,pp_bd8160485beac2e6,S3,summarise,0.012935,
1791112192.091,t02_bootstrap-phreshphish,pp_4aa3e609e078b36d,S0,summarise,1.5e-05,
1791112192.123,t02_bootstrap-phreshphish,pp_4aa3e609e078b36d,S1,summarise,0.031962,
1791112192.151,t02_bootstrap-phreshphish,pp_4aa3e609e078b36d,S1b-100,summarise,0.02821,
1791112192.181,t02_bootstrap-phreshphish,pp_4aa3e609e078b36d,S1b-250,summarise,0.029657,
1791112192.212,t02_bootstrap-phreshphish,pp_4aa3e609e078b36d,S1b-500,summarise,0.030008,
1791112192.243,t02_bootstrap-phreshphish,pp_4aa3e609e078b36d,S1b-1000,summarise,0.031334,
1791112192.273,t02_bootstrap-phreshphish,pp_4aa3e609e078b36d,S1b-2000,summarise,0.029396,
1791112192.315,t02_bootstrap-phreshphish,pp_4aa3e609e078b36d,S3,summarise,0.039761,
1791112192.315,t02_bootstrap-phreshphish,pp_58466dce92f99d39,S0,summarise,1.7e-05,
1791112192.352,t02_bootstrap-phreshphish,pp_58466dce92f99d39,S1,summarise,0.036131,
1791112192.388,t02_bootstrap-phreshphish,pp_58466dce92f99d39,S1b-100,summarise,0.035355,
1791112192.424,t02_bootstrap-phreshphish,pp_58466dce92f99d39,S1b-250,summarise,0.035797,
1791112192.467,t02_bootstrap-phreshphish,pp_58466dce92f99d39,S1b-500,summarise,0.043291,
1791112192.505,t02_bootstrap-phreshphish,pp_58466dce92f99d39,S1b-1000,summarise,0.036826,
1791112192.547,t02_bootstrap-phreshphish,pp_58466dce92f99d39,S1b-2000,summarise,0.041305,
1791112192.602,t02_bootstrap-phreshphish,pp_58466dce92f99d39,S3,summarise,0.052737,
1791112192.605,t02_bootstrap-phreshphish,pp_b299c054f896dcf0,S0,summarise,2.2e-05,
1791112192.607,t02_bootstrap-phreshphish,pp_b299c054f896dcf0,S1,summarise,0.001553,
1791112192.609,t02_bootstrap-phreshphish,pp_b299c054f896dcf0,S1b-100,summarise,0.001414,
1791112192.61,t02_bootstrap-phreshphish,pp_b299c054f896dcf0,S1b-250,summarise,0.001307,
1791112192.612,t02_bootstrap-phreshphish,pp_b299c054f896dcf0,S1b-500,summarise,0.001396,
1791112192.613,t02_bootstrap-phreshphish,pp_b299c054f896dcf0,S1b-1000,summarise,0.001326,
1791112192.614,t02_bootstrap-phreshphish,pp_b299c054f896dcf0,S1b-2000,summarise,0.001391,
1791112192.616,t02_bootstrap-phreshphish,pp_b299c054f896dcf0,S3,summarise,0.001028,
1791112192.616,t02_bootstrap-phreshphish,pp_ec96e404f77703e3,S0,summarise,2.1e-05,
1791112192.625,t02_bootstrap-phreshphish,pp_ec96e404f77703e3,S1,summarise,0.008524,
1791112192.634,t02_bootstrap-phreshphish,pp_ec96e404f77703e3,S1b-100,summarise,0.008492,
1791112192.642,t02_bootstrap-phreshphish,pp_ec96e404f77703e3,S1b-250,summarise,0.00811,
1791112192.65,t02_bootstrap-phreshphish,pp_ec96e404f77703e3,S1b-500,summarise,0.008041,
1791112192.658,t02_bootstrap-phreshphish,pp_ec96e404f77703e3,S1b-1000,summarise,0.007904,
1791112192.667,t02_bootstrap-phreshphish,pp_ec96e404f77703e3,S1b-2000,summarise,0.008734,
1791112192.672,t02_bootstrap-phreshphish,pp_ec96e404f77703e3,S3,summarise,0.004334,
1791112192.672,t02_bootstrap-phreshphish,pp_7a3db5cb0916a672,S0,summarise,1.6e-05,
1791112192.683,t02_bootstrap-phreshphish,pp_7a3db5cb0916a672,S1,summarise,0.009934,
1791112192.691,t02_bootstrap-phreshphish,pp_7a3db5cb0916a672,S1b-100,summarise,0.008591,
1791112192.7,t02_bootstrap-phreshphish,pp_7a3db5cb0916a672,S1b-250,summarise,0.008226,
1791112192.708,t02_bootstrap-phreshphish,pp_7a3db5cb0916a672,S1b-500,summarise,0.008492,
1791112192.719,t02_bootstrap-phreshphish,pp_7a3db5cb0916a672,S1b-1000,summarise,0.010447,
1791112192.728,t02_bootstrap-phreshphish,pp_7a3db5cb0916a672,S1b-2000,summarise,0.008406,
1791112192.734,t02_bootstrap-phreshphish,pp_7a3db5cb0916a672,S3,summarise,0.00507,
1791112192.734,t02_bootstrap-phreshphish,pp_23e29b72b636a073,S0,summarise,1.2e-05,
1791112192.757,t02_bootstrap-phreshphish,pp_23e29b72b636a073,S1,summarise,0.022679,
1791112192.779,t02_bootstrap-phreshphish,pp_23e29b72b636a073,S1b-100,summarise,0.021563,
1791112192.8,t02_bootstrap-phreshphish,pp_23e29b72b636a073,S1b-250,summarise,0.0215,
1791112192.823,t02_bootstrap-phreshphish,pp_23e29b72b636a073,S1b-500,summarise,0.021858,
1791112192.846,t02_bootstrap-phreshphish,pp_23e29b72b636a073,S1b-1000,summarise,0.022795,
1791112192.892,t02_bootstrap-phreshphish,pp_23e29b72b636a073,S1b-2000,summarise,0.046199,
1791112192.914,t02_bootstrap-phreshphish,pp_23e29b72b636a073,S3,summarise,0.020032,
1791112192.915,t02_bootstrap-phreshphish,pp_ee096fc890261445,S0,summarise,1.4e-05,
1791112192.916,t02_bootstrap-phreshphish,pp_ee096fc890261445,S1,summarise,0.000746,
1791112192.916,t02_bootstrap-phreshphish,pp_ee096fc890261445,S1b-100,summarise,0.000732,
1791112192.917,t02_bootstrap-phreshphish,pp_ee096fc890261445,S1b-250,summarise,0.000755,
1791112192.918,t02_bootstrap-phreshphish,pp_ee096fc890261445,S1b-500,summarise,0.000679,
1791112192.919,t02_bootstrap-phreshphish,pp_ee096fc890261445,S1b-1000,summarise,0.000723,
1791112192.92,t02_bootstrap-phreshphish,pp_ee096fc890261445,S1b-2000,summarise,0.000676,
1791112192.92,t02_bootstrap-phreshphish,pp_ee096fc890261445,S3,summarise,0.000482,
1791112192.921,t02_bootstrap-phreshphish,pp_5b76979fe25efd84,S0,summarise,1.4e-05,
1791112192.945,t02_bootstrap-phreshphish,pp_5b76979fe25efd84,S1,summarise,0.023118,
1791112192.966,t02_bootstrap-phreshphish,pp_5b76979fe25efd84,S1b-100,summarise,0.021348,
1791112192.987,t02_bootstrap-phreshphish,pp_5b76979fe25efd84,S1b-250,summarise,0.021113,
1791112193.01,t02_bootstrap-phreshphish,pp_5b76979fe25efd84,S1b-500,summarise,0.022162,
1791112193.033,t02_bootstrap-phreshphish,pp_5b76979fe25efd84,S1b-1000,summarise,0.02324,
1791112193.056,t02_bootstrap-phreshphish,pp_5b76979fe25efd84,S1b-2000,summarise,0.022451,
1791112193.382,t02_bootstrap-phreshphish,pp_5b76979fe25efd84,S3,summarise,0.3248,
1791112193.385,t02_bootstrap-phreshphish,pp_b1d3905160755379,S0,summarise,2.5e-05,
1791112193.397,t02_bootstrap-phreshphish,pp_b1d3905160755379,S1,summarise,0.011935,
1791112193.409,t02_bootstrap-phreshphish,pp_b1d3905160755379,S1b-100,summarise,0.011842,
1791112193.421,t02_bootstrap-phreshphish,pp_b1d3905160755379,S1b-250,summarise,0.011454,
1791112193.434,t02_bootstrap-phreshphish,pp_b1d3905160755379,S1b-500,summarise,0.01243,
1791112193.446,t02_bootstrap-phreshphish,pp_b1d3905160755379,S1b-1000,summarise,0.011691,
1791112193.457,t02_bootstrap-phreshphish,pp_b1d3905160755379,S1b-2000,summarise,0.011225,
1791112193.469,t02_bootstrap-phreshphish,pp_b1d3905160755379,S3,summarise,0.011761,
1791112193.47,t02_bootstrap-phreshphish,pp_f590969aad42346d,S0,summarise,1.4e-05,
1791112193.487,t02_bootstrap-phreshphish,pp_f590969aad42346d,S1,summarise,0.016947,
1791112193.521,t02_bootstrap-phreshphish,pp_f590969aad42346d,S1b-100,summarise,0.033617,
1791112193.538,t02_bootstrap-phreshphish,pp_f590969aad42346d,S1b-250,summarise,0.016694,
1791112193.554,t02_bootstrap-phreshphish,pp_f590969aad42346d,S1b-500,summarise,0.016322,
1791112193.571,t02_bootstrap-phreshphish,pp_f590969aad42346d,S1b-1000,summarise,0.016925,
1791112193.587,t02_bootstrap-phreshphish,pp_f590969aad42346d,S1b-2000,summarise,0.015716,
1791112193.604,t02_bootstrap-phreshphish,pp_f590969aad42346d,S3,summarise,0.01535,
1791112193.604,t02_bootstrap-phreshphish,pp_8090bfe432007e81,S0,summarise,1.4e-05,
1791112193.651,t02_bootstrap-phreshphish,pp_8090bfe432007e81,S1,summarise,0.046076,
1791112193.697,t02_bootstrap-phreshphish,pp_8090bfe432007e81,S1b-100,summarise,0.045941,
1791112193.743,t02_bootstrap-phreshphish,pp_8090bfe432007e81,S1b-250,summarise,0.045724,
1791112193.811,t02_bootstrap-phreshphish,pp_8090bfe432007e81,S1b-500,summarise,0.067524,
1791112193.857,t02_bootstrap-phreshphish,pp_8090bfe432007e81,S1b-1000,summarise,0.046146,
1791112193.911,t02_bootstrap-phreshphish,pp_8090bfe432007e81,S1b-2000,summarise,0.053675,
1791112196.183,t02_bootstrap-phreshphish,pp_8090bfe432007e81,S3,summarise,2.267853,
1791112196.184,t02_bootstrap-phreshphish,pp_8a91e03e8e171226,S0,summarise,2.1e-05,
1791112196.186,t02_bootstrap-phreshphish,pp_8a91e03e8e171226,S1,summarise,0.002065,
1791112196.188,t02_bootstrap-phreshphish,pp_8a91e03e8e171226,S1b-100,summarise,0.001874,
1791112196.19,t02_bootstrap-phreshphish,pp_8a91e03e8e171226,S1b-250,summarise,0.001943,
1791112196.193,t02_bootstrap-phreshphish,pp_8a91e03e8e171226,S1b-500,summarise,0.002251,
1791112196.195,t02_bootstrap-phreshphish,pp_8a91e03e8e171226,S1b-1000,summarise,0.001804,
1791112196.197,t02_bootstrap-phreshphish,pp_8a91e03e8e171226,S1b-2000,summarise,0.001856,
1791112196.198,t02_bootstrap-phreshphish,pp_8a91e03e8e171226,S3,summarise,0.000985,
1791112196.199,t02_bootstrap-phreshphish,pp_e232f01070b1d321,S0,summarise,1.6e-05,
1791112196.241,t02_bootstrap-phreshphish,pp_e232f01070b1d321,S1,summarise,0.041879,
1791112196.305,t02_bootstrap-phreshphish,pp_e232f01070b1d321,S1b-100,summarise,0.063539,
1791112196.347,t02_bootstrap-phreshphish,pp_e232f01070b1d321,S1b-250,summarise,0.041614,
1791112196.389,t02_bootstrap-phreshphish,pp_e232f01070b1d321,S1b-500,summarise,0.041779,
1791112196.431,t02_bootstrap-phreshphish,pp_e232f01070b1d321,S1b-1000,summarise,0.041655,
1791112196.475,t02_bootstrap-phreshphish,pp_e232f01070b1d321,S1b-2000,summarise,0.043508,
1791112196.513,t02_bootstrap-phreshphish,pp_e232f01070b1d321,S3,summarise,0.035493,
1791112196.514,t02_bootstrap-phreshphish,pp_81bcb55b864666fd,S0,summarise,1.2e-05,
1791112196.552,t02_bootstrap-phreshphish,pp_81bcb55b864666fd,S1,summarise,0.038315,
1791112196.565,t02_bootstrap-phreshphish,pp_81bcb55b864666fd,S1b-100,summarise,0.012174,
1791112196.578,t02_bootstrap-phreshphish,pp_81bcb55b864666fd,S1b-250,summarise,0.013023,
1791112196.591,t02_bootstrap-phreshphish,pp_81bcb55b864666fd,S1b-500,summarise,0.01345,
1791112196.606,t02_bootstrap-phreshphish,pp_81bcb55b864666fd,S1b-1000,summarise,0.014354,
1791112196.624,t02_bootstrap-phreshphish,pp_81bcb55b864666fd,S1b-2000,summarise,0.017486,
1791112196.635,t02_bootstrap-phreshphish,pp_81bcb55b864666fd,S3,summarise,0.009846,
1791112196.635,t02_bootstrap-phreshphish,pp_8f323278a32bd62b,S0,summarise,1.8e-05,
1791112196.644,t02_bootstrap-phreshphish,pp_8f323278a32bd62b,S1,summarise,0.007972,
1791112196.65,t02_bootstrap-phreshphish,pp_8f323278a32bd62b,S1b-100,summarise,0.006083,
1791112196.656,t02_bootstrap-phreshphish,pp_8f323278a32bd62b,S1b-250,summarise,0.005482,
1791112196.661,t02_bootstrap-phreshphish,pp_8f323278a32bd62b,S1b-500,summarise,0.005615,
1791112196.669,t02_bootstrap-phreshphish,pp_8f323278a32bd62b,S1b-1000,summarise,0.007644,
1791112196.676,t02_bootstrap-phreshphish,pp_8f323278a32bd62b,S1b-2000,summarise,0.005616,
1791112196.679,t02_bootstrap-phreshphish,pp_8f323278a32bd62b,S3,summarise,0.002701,
1791112196.679,t02_bootstrap-phreshphish,pp_64a38e4b468f8fa4,S0,summarise,1.6e-05,
1791112196.688,t02_bootstrap-phreshphish,pp_64a38e4b468f8fa4,S1,summarise,0.00829,
1791112196.693,t02_bootstrap-phreshphish,pp_64a38e4b468f8fa4,S1b-100,summarise,0.004872,
1791112196.698,t02_bootstrap-phreshphish,pp_64a38e4b468f8fa4,S1b-250,summarise,0.005077,
1791112196.704,t02_bootstrap-phreshphish,pp_64a38e4b468f8fa4,S1b-500,summarise,0.005378,
1791112196.712,t02_bootstrap-phreshphish,pp_64a38e4b468f8fa4,S1b-1000,summarise,0.008118,
1791112196.718,t02_bootstrap-phreshphish,pp_64a38e4b468f8fa4,S1b-2000,summarise,0.005108,
1791112196.721,t02_bootstrap-phreshphish,pp_64a38e4b468f8fa4,S3,summarise,0.00331,
1791112196.721,t02_bootstrap-phreshphish,pp_0e44a4bc35615a69,S0,summarise,1.6e-05,
1791112196.724,t02_bootstrap-phreshphish,pp_0e44a4bc35615a69,S1,summarise,0.002263,
1791112196.725,t02_bootstrap-phreshphish,pp_0e44a4bc35615a69,S1b-100,summarise,0.001326,
1791112196.727,t02_bootstrap-phreshphish,pp_0e44a4bc35615a69,S1b-250,summarise,0.001462,
1791112196.729,t02_bootstrap-phreshphish,pp_0e44a4bc35615a69,S1b-500,summarise,0.001463,
1791112196.731,t02_bootstrap-phreshphish,pp_0e44a4bc35615a69,S1b-1000,summarise,0.002195,
1791112196.733,t02_bootstrap-phreshphish,pp_0e44a4bc35615a69,S1b-2000,summarise,0.001209,
1791112196.734,t02_bootstrap-phreshphish,pp_0e44a4bc35615a69,S3,summarise,0.001148,
1791112196.735,t02_bootstrap-phreshphish,pp_773387d4ba5f2631,S0,summarise,1.7e-05,
1791112196.74,t02_bootstrap-phreshphish,pp_773387d4ba5f2631,S1,summarise,0.004717,
1791112196.743,t02_bootstrap-phreshphish,pp_773387d4ba5f2631,S1b-100,summarise,0.003447,
1791112196.747,t02_bootstrap-phreshphish,pp_773387d4ba5f2631,S1b-250,summarise,0.003852,
1791112196.752,t02_bootstrap-phreshphish,pp_773387d4ba5f2631,S1b-500,summarise,0.004427,
1791112196.757,t02_bootstrap-phreshphish,pp_773387d4ba5f2631,S1b-1000,summarise,0.003847,
1791112196.762,t02_bootstrap-phreshphish,pp_773387d4ba5f2631,S1b-2000,summarise,0.005143,
1791112196.765,t02_bootstrap-phreshphish,pp_773387d4ba5f2631,S3,summarise,0.002221,
1791112196.765,t02_bootstrap-phreshphish,pp_8409909d5fffa9c9,S0,summarise,1.8e-05,
1791112196.885,t02_bootstrap-phreshphish,pp_8409909d5fffa9c9,S1,summarise,0.11933,
1791112196.977,t02_bootstrap-phreshphish,pp_8409909d5fffa9c9,S1b-100,summarise,0.091843,
1791112197.091,t02_bootstrap-phreshphish,pp_8409909d5fffa9c9,S1b-250,summarise,0.113373,
1791112197.176,t02_bootstrap-phreshphish,pp_8409909d5fffa9c9,S1b-500,summarise,0.085158,
1791112197.262,t02_bootstrap-phreshphish,pp_8409909d5fffa9c9,S1b-1000,summarise,0.085475,
1791112197.375,t02_bootstrap-phreshphish,pp_8409909d5fffa9c9,S1b-2000,summarise,0.111822,
1791112206.979,t02_bootstrap-phreshphish,pp_8409909d5fffa9c9,S3,summarise,9.599173,
1791112206.979,t02_bootstrap-phreshphish,pp_1423565ad73dc5fe,S0,summarise,2.4e-05,
1791112207.011,t02_bootstrap-phreshphish,pp_1423565ad73dc5fe,S1,summarise,0.031011,
1791112207.04,t02_bootstrap-phreshphish,pp_1423565ad73dc5fe,S1b-100,summarise,0.029401,
1791112207.071,t02_bootstrap-phreshphish,pp_1423565ad73dc5fe,S1b-250,summarise,0.030311,
1791112207.102,t02_bootstrap-phreshphish,pp_1423565ad73dc5fe,S1b-500,summarise,0.030748,
1791112207.133,t02_bootstrap-phreshphish,pp_1423565ad73dc5fe,S1b-1000,summarise,0.030201,
1791112207.19,t02_bootstrap-phreshphish,pp_1423565ad73dc5fe,S1b-2000,summarise,0.056444,
1791112207.219,t02_bootstrap-phreshphish,pp_1423565ad73dc5fe,S3,summarise,0.026484,
1791112207.22,t02_bootstrap-phreshphish,pp_e5bf57080abb02f7,S0,summarise,2.1e-05,
1791112207.259,t02_bootstrap-phreshphish,pp_e5bf57080abb02f7,S1,summarise,0.038888,
1791112207.295,t02_bootstrap-phreshphish,pp_e5bf57080abb02f7,S1b-100,summarise,0.036151,
1791112207.332,t02_bootstrap-phreshphish,pp_e5bf57080abb02f7,S1b-250,summarise,0.036859,
1791112207.369,t02_bootstrap-phreshphish,pp_e5bf57080abb02f7,S1b-500,summarise,0.036573,
1791112207.408,t02_bootstrap-phreshphish,pp_e5bf57080abb02f7,S1b-1000,summarise,0.038218,
1791112207.473,t02_bootstrap-phreshphish,pp_e5bf57080abb02f7,S1b-2000,summarise,0.064699,
1791112207.507,t02_bootstrap-phreshphish,pp_e5bf57080abb02f7,S3,summarise,0.030139,
1791112207.507,t02_bootstrap-phreshphish,pp_9407778b6b4c66df,S0,summarise,1.4e-05,
1791112207.509,t02_bootstrap-phreshphish,pp_9407778b6b4c66df,S1,summarise,0.001882,
1791112207.511,t02_bootstrap-phreshphish,pp_9407778b6b4c66df,S1b-100,summarise,0.001857,
1791112207.513,t02_bootstrap-phreshphish,pp_9407778b6b4c66df,S1b-250,summarise,0.001856,
1791112207.515,t02_bootstrap-phreshphish,pp_9407778b6b4c66df,S1b-500,summarise,0.001715,
1791112207.517,t02_bootstrap-phreshphish,pp_9407778b6b4c66df,S1b-1000,summarise,0.001807,
1791112207.519,t02_bootstrap-phreshphish,pp_9407778b6b4c66df,S1b-2000,summarise,0.001736,
1791112207.52,t02_bootstrap-phreshphish,pp_9407778b6b4c66df,S3,summarise,0.000501,
1791112207.52,t02_bootstrap-phreshphish,pp_ab563686d3339834,S0,summarise,1.3e-05,
1791112207.531,t02_bootstrap-phreshphish,pp_ab563686d3339834,S1,summarise,0.010198,
1791112207.541,t02_bootstrap-phreshphish,pp_ab563686d3339834,S1b-100,summarise,0.01026,
1791112207.551,t02_bootstrap-phreshphish,pp_ab563686d3339834,S1b-250,summarise,0.00994,
1791112207.561,t02_bootstrap-phreshphish,pp_ab563686d3339834,S1b-500,summarise,0.010146,
1791112207.572,t02_bootstrap-phreshphish,pp_ab563686d3339834,S1b-1000,summarise,0.010141,
1791112207.583,t02_bootstrap-phreshphish,pp_ab563686d3339834,S1b-2000,summarise,0.010547,
1791112207.588,t02_bootstrap-phreshphish,pp_ab563686d3339834,S3,summarise,0.004645,
1791112207.588,t02_bootstrap-phreshphish,pp_4d782c7cfd5fa806,S0,summarise,1.3e-05,
1791112207.604,t02_bootstrap-phreshphish,pp_4d782c7cfd5fa806,S1,summarise,0.015549,
1791112207.618,t02_bootstrap-phreshphish,pp_4d782c7cfd5fa806,S1b-100,summarise,0.014139,
1791112207.633,t02_bootstrap-phreshphish,pp_4d782c7cfd5fa806,S1b-250,summarise,0.01503,
1791112207.649,t02_bootstrap-phreshphish,pp_4d782c7cfd5fa806,S1b-500,summarise,0.015042,
1791112207.664,t02_bootstrap-phreshphish,pp_4d782c7cfd5fa806,S1b-1000,summarise,0.01494,
1791112207.68,t02_bootstrap-phreshphish,pp_4d782c7cfd5fa806,S1b-2000,summarise,0.015792,
1791112207.695,t02_bootstrap-phreshphish,pp_4d782c7cfd5fa806,S3,summarise,0.012708,
1791112207.695,t02_bootstrap-phreshphish,pp_01f79b6b11d04c7c,S0,summarise,1.4e-05,
1791112207.696,t02_bootstrap-phreshphish,pp_01f79b6b11d04c7c,S1,summarise,0.000689,
1791112207.697,t02_bootstrap-phreshphish,pp_01f79b6b11d04c7c,S1b-100,summarise,0.000649,
1791112207.697,t02_bootstrap-phreshphish,pp_01f79b6b11d04c7c,S1b-250,summarise,0.000639,
1791112207.698,t02_bootstrap-phreshphish,pp_01f79b6b11d04c7c,S1b-500,summarise,0.000712,
1791112207.699,t02_bootstrap-phreshphish,pp_01f79b6b11d04c7c,S1b-1000,summarise,0.000628,
1791112207.7,t02_bootstrap-phreshphish,pp_01f79b6b11d04c7c,S1b-2000,summarise,0.000641,
1791112207.7,t02_bootstrap-phreshphish,pp_01f79b6b11d04c7c,S3,summarise,0.000332,
1791112207.701,t02_bootstrap-phreshphish,pp_ea12a7092471ed47,S0,summarise,1e-05,
1791112207.739,t02_bootstrap-phreshphish,pp_ea12a7092471ed47,S1,summarise,0.037983,
1791112207.794,t02_bootstrap-phreshphish,pp_ea12a7092471ed47,S1b-100,summarise,0.054447,
1791112207.828,t02_bootstrap-phreshphish,pp_ea12a7092471ed47,S1b-250,summarise,0.034551,
1791112207.864,t02_bootstrap-phreshphish,pp_ea12a7092471ed47,S1b-500,summarise,0.034949,
1791112207.901,t02_bootstrap-phreshphish,pp_ea12a7092471ed47,S1b-1000,summarise,0.037034,
1791112207.936,t02_bootstrap-phreshphish,pp_ea12a7092471ed47,S1b-2000,summarise,0.034256,
1791112207.963,t02_bootstrap-phreshphish,pp_ea12a7092471ed47,S3,summarise,0.02645,
1791112207.964,t02_bootstrap-phreshphish,pp_51c23810d83b4126,S0,summarise,1.2e-05,
1791112207.968,t02_bootstrap-phreshphish,pp_51c23810d83b4126,S1,summarise,0.00444,
1791112207.972,t02_bootstrap-phreshphish,pp_51c23810d83b4126,S1b-100,summarise,0.004076,
1791112207.977,t02_bootstrap-phreshphish,pp_51c23810d83b4126,S1b-250,summarise,0.004026,
1791112207.981,t02_bootstrap-phreshphish,pp_51c23810d83b4126,S1b-500,summarise,0.003995,
1791112207.985,t02_bootstrap-phreshphish,pp_51c23810d83b4126,S1b-1000,summarise,0.004187,
1791112207.989,t02_bootstrap-phreshphish,pp_51c23810d83b4126,S1b-2000,summarise,0.003889,
1791112207.993,t02_bootstrap-phreshphish,pp_51c23810d83b4126,S3,summarise,0.003345,
1791112207.994,t02_bootstrap-phreshphish,pp_4ebbe70a89af21ec,S0,summarise,1.3e-05,
1791112208.111,t02_bootstrap-phreshphish,pp_4ebbe70a89af21ec,S1,summarise,0.116072,
1791112208.212,t02_bootstrap-phreshphish,pp_4ebbe70a89af21ec,S1b-100,summarise,0.101096,
1791112208.312,t02_bootstrap-phreshphish,pp_4ebbe70a89af21ec,S1b-250,summarise,0.099788,
1791112208.476,t02_bootstrap-phreshphish,pp_4ebbe70a89af21ec,S1b-500,summarise,0.162621,
1791112208.604,t02_bootstrap-phreshphish,pp_4ebbe70a89af21ec,S1b-1000,summarise,0.127924,
1791112208.739,t02_bootstrap-phreshphish,pp_4ebbe70a89af21ec,S1b-2000,summarise,0.134154,
1791112212.641,t02_bootstrap-phreshphish,pp_4ebbe70a89af21ec,S3,summarise,3.897713,
1791112212.642,t02_bootstrap-phreshphish,pp_28021aaea0f591df,S0,summarise,1.9e-05,
1791112212.656,t02_bootstrap-phreshphish,pp_28021aaea0f591df,S1,summarise,0.013652,
1791112212.667,t02_bootstrap-phreshphish,pp_28021aaea0f591df,S1b-100,summarise,0.011295,
1791112212.678,t02_bootstrap-phreshphish,pp_28021aaea0f591df,S1b-250,summarise,0.011016,
1791112212.69,t02_bootstrap-phreshphish,pp_28021aaea0f591df,S1b-500,summarise,0.011238,
1791112212.704,t02_bootstrap-phreshphish,pp_28021aaea0f591df,S1b-1000,summarise,0.013375,
1791112212.716,t02_bootstrap-phreshphish,pp_28021aaea0f591df,S1b-2000,summarise,0.011712,
1791112212.721,t02_bootstrap-phreshphish,pp_28021aaea0f591df,S3,summarise,0.004888,
1791112212.722,t02_bootstrap-phreshphish,pp_ae89aa42466a2671,S0,summarise,1.4e-05,
1791112212.724,t02_bootstrap-phreshphish,pp_ae89aa42466a2671,S1,summarise,0.002022,
1791112212.726,t02_bootstrap-phreshphish,pp_ae89aa42466a2671,S1b-100,summarise,0.001917,
1791112212.728,t02_bootstrap-phreshphish,pp_ae89aa42466a2671,S1b-250,summarise,0.002016,
1791112212.731,t02_bootstrap-phreshphish,pp_ae89aa42466a2671,S1b-500,summarise,0.00241,
1791112212.733,t02_bootstrap-phreshphish,pp_ae89aa42466a2671,S1b-1000,summarise,0.0019,
1791112212.735,t02_bootstrap-phreshphish,pp_ae89aa42466a2671,S1b-2000,summarise,0.001874,
1791112212.737,t02_bootstrap-phreshphish,pp_ae89aa42466a2671,S3,summarise,0.001409,
1791112212.737,t02_bootstrap-phreshphish,pp_3b4a2581820957af,S0,summarise,1e-05,
1791112212.882,t02_bootstrap-phreshphish,pp_3b4a2581820957af,S1,summarise,0.144222,
1791112213.042,t02_bootstrap-phreshphish,pp_3b4a2581820957af,S1b-100,summarise,0.159546,
1791112213.169,t02_bootstrap-phreshphish,pp_3b4a2581820957af,S1b-250,summarise,0.126769,
1791112213.322,t02_bootstrap-phreshphish,pp_3b4a2581820957af,S1b-500,summarise,0.152455,
1791112213.49,t02_bootstrap-phreshphish,pp_3b4a2581820957af,S1b-1000,summarise,0.168407,
1791112213.64,t02_bootstrap-phreshphish,pp_3b4a2581820957af,S1b-2000,summarise,0.148314,
1791112233.029,t02_bootstrap-phreshphish,pp_3b4a2581820957af,S3,summarise,19.381133,
1791112233.029,t02_bootstrap-phreshphish,pp_3ecd91810ac4902f,S0,summarise,2.6e-05,
1791112233.032,t02_bootstrap-phreshphish,pp_3ecd91810ac4902f,S1,summarise,0.002139,
1791112233.034,t02_bootstrap-phreshphish,pp_3ecd91810ac4902f,S1b-100,summarise,0.002152,
1791112233.036,t02_bootstrap-phreshphish,pp_3ecd91810ac4902f,S1b-250,summarise,0.002057,
1791112233.039,t02_bootstrap-phreshphish,pp_3ecd91810ac4902f,S1b-500,summarise,0.002296,
1791112233.041,t02_bootstrap-phreshphish,pp_3ecd91810ac4902f,S1b-1000,summarise,0.001866,
1791112233.043,t02_bootstrap-phreshphish,pp_3ecd91810ac4902f,S1b-2000,summarise,0.001905,
1791112233.044,t02_bootstrap-phreshphish,pp_3ecd91810ac4902f,S3,summarise,0.000794,
1791112233.044,t02_bootstrap-phreshphish,pp_6b336aca3c9700b5,S0,summarise,1.4e-05,
1791112233.064,t02_bootstrap-phreshphish,pp_6b336aca3c9700b5,S1,summarise,0.019083,
1791112233.081,t02_bootstrap-phreshphish,pp_6b336aca3c9700b5,S1b-100,summarise,0.017055,
1791112233.098,t02_bootstrap-phreshphish,pp_6b336aca3c9700b5,S1b-250,summarise,0.017088,
1791112233.136,t02_bootstrap-phreshphish,pp_6b336aca3c9700b5,S1b-500,summarise,0.037314,
1791112233.155,t02_bootstrap-phreshphish,pp_6b336aca3c9700b5,S1b-1000,summarise,0.018776,
1791112233.173,t02_bootstrap-phreshphish,pp_6b336aca3c9700b5,S1b-2000,summarise,0.017872,
1791112233.187,t02_bootstrap-phreshphish,pp_6b336aca3c9700b5,S3,summarise,0.012173,
1791112233.187,t02_bootstrap-phreshphish,pp_c2136b4536bb28fa,S0,summarise,1.4e-05,
1791112233.191,t02_bootstrap-phreshphish,pp_c2136b4536bb28fa,S1,summarise,0.00334,
1791112233.193,t02_bootstrap-phreshphish,pp_c2136b4536bb28fa,S1b-100,summarise,0.002193,
1791112233.195,t02_bootstrap-phreshphish,pp_c2136b4536bb28fa,S1b-250,summarise,0.002328,
1791112233.198,t02_bootstrap-phreshphish,pp_c2136b4536bb28fa,S1b-500,summarise,0.002576,
1791112233.202,t02_bootstrap-phreshphish,pp_c2136b4536bb28fa,S1b-1000,summarise,0.003213,
1791112233.208,t02_bootstrap-phreshphish,pp_c2136b4536bb28fa,S1b-2000,summarise,0.00574,
1791112233.209,t02_bootstrap-phreshphish,pp_c2136b4536bb28fa,S3,summarise,0.001028,
1791112233.209,t02_bootstrap-phreshphish,pp_94c42388545062e0,S0,summarise,1.6e-05,
1791112233.214,t02_bootstrap-phreshphish,pp_94c42388545062e0,S1,summarise,0.004127,
1791112233.218,t02_bootstrap-phreshphish,pp_94c42388545062e0,S1b-100,summarise,0.003801,
1791112233.222,t02_bootstrap-phreshphish,pp_94c42388545062e0,S1b-250,summarise,0.003987,
1791112233.227,t02_bootstrap-phreshphish,pp_94c42388545062e0,S1b-500,summarise,0.005008,
1791112233.231,t02_bootstrap-phreshphish,pp_94c42388545062e0,S1b-1000,summarise,0.003903,
1791112233.235,t02_bootstrap-phreshphish,pp_94c42388545062e0,S1b-2000,summarise,0.00392,
1791112233.239,t02_bootstrap-phreshphish,pp_94c42388545062e0,S3,summarise,0.00295,
1791112233.239,t02_bootstrap-phreshphish,pp_decb746814925002,S0,summarise,1.5e-05,
1791112233.24,t02_bootstrap-phreshphish,pp_decb746814925002,S1,summarise,0.000887,
1791112233.241,t02_bootstrap-phreshphish,pp_decb746814925002,S1b-100,summarise,0.000832,
1791112233.242,t02_bootstrap-phreshphish,pp_decb746814925002,S1b-250,summarise,0.00104,
1791112233.243,t02_bootstrap-phreshphish,pp_decb746814925002,S1b-500,summarise,0.000778,
1791112233.244,t02_bootstrap-phreshphish,pp_decb746814925002,S1b-1000,summarise,0.000776,
1791112233.245,t02_bootstrap-phreshphish,pp_decb746814925002,S1b-2000,summarise,0.00083,
1791112233.245,t02_bootstrap-phreshphish,pp_decb746814925002,S3,summarise,0.000441,
1791112233.246,t02_bootstrap-phreshphish,pp_79dd304859fcbdfe,S0,summarise,1.4e-05,
1791112233.248,t02_bootstrap-phreshphish,pp_79dd304859fcbdfe,S1,summarise,0.00196,
1791112233.251,t02_bootstrap-phreshphish,pp_79dd304859fcbdfe,S1b-100,summarise,0.002573,
1791112233.253,t02_bootstrap-phreshphish,pp_79dd304859fcbdfe,S1b-250,summarise,0.001958,
1791112233.256,t02_bootstrap-phreshphish,pp_79dd304859fcbdfe,S1b-500,summarise,0.002733,
1791112233.258,t02_bootstrap-phreshphish,pp_79dd304859fcbdfe,S1b-1000,summarise,0.001767,
1791112233.26,t02_bootstrap-phreshphish,pp_79dd304859fcbdfe,S1b-2000,summarise,0.00181,
1791112233.261,t02_bootstrap-phreshphish,pp_79dd304859fcbdfe,S3,summarise,0.001392,
1791112233.262,t02_bootstrap-phreshphish,pp_a5c270dc02fb4b25,S0,summarise,1.1e-05,
1791112233.293,t02_bootstrap-phreshphish,pp_a5c270dc02fb4b25,S1,summarise,0.031253,
1791112233.324,t02_bootstrap-phreshphish,pp_a5c270dc02fb4b25,S1b-100,summarise,0.030242,
1791112233.354,t02_bootstrap-phreshphish,pp_a5c270dc02fb4b25,S1b-250,summarise,0.029742,
1791112233.384,t02_bootstrap-phreshphish,pp_a5c270dc02fb4b25,S1b-500,summarise,0.029527,
1791112233.442,t02_bootstrap-phreshphish,pp_a5c270dc02fb4b25,S1b-1000,summarise,0.057846,
1791112233.473,t02_bootstrap-phreshphish,pp_a5c270dc02fb4b25,S1b-2000,summarise,0.030768,
1791112233.505,t02_bootstrap-phreshphish,pp_a5c270dc02fb4b25,S3,summarise,0.029565,
1791112233.506,t02_bootstrap-phreshphish,pp_d5083fffc8f3251d,S0,summarise,1.7e-05,
1791112233.518,t02_bootstrap-phreshphish,pp_d5083fffc8f3251d,S1,summarise,0.01202,
1791112233.527,t02_bootstrap-phreshphish,pp_d5083fffc8f3251d,S1b-100,summarise,0.008821,
1791112233.536,t02_bootstrap-phreshphish,pp_d5083fffc8f3251d,S1b-250,summarise,0.008853,
1791112233.548,t02_bootstrap-phreshphish,pp_d5083fffc8f3251d,S1b-500,summarise,0.01149,
1791112233.56,t02_bootstrap-phreshphish,pp_d5083fffc8f3251d,S1b-1000,summarise,0.011978,
1791112233.571,t02_bootstrap-phreshphish,pp_d5083fffc8f3251d,S1b-2000,summarise,0.010401,
1791112233.58,t02_bootstrap-phreshphish,pp_d5083fffc8f3251d,S3,summarise,0.007702,
1791112233.581,t02_bootstrap-phreshphish,pp_4246ae8c524462ec,S0,summarise,1.7e-05,
1791112233.59,t02_bootstrap-phreshphish,pp_4246ae8c524462ec,S1,summarise,0.00848,
1791112233.595,t02_bootstrap-phreshphish,pp_4246ae8c524462ec,S1b-100,summarise,0.005386,
1791112233.601,t02_bootstrap-phreshphish,pp_4246ae8c524462ec,S1b-250,summarise,0.006127,
1791112233.607,t02_bootstrap-phreshphish,pp_4246ae8c524462ec,S1b-500,summarise,0.005766,
1791112233.616,t02_bootstrap-phreshphish,pp_4246ae8c524462ec,S1b-1000,summarise,0.008398,
1791112233.623,t02_bootstrap-phreshphish,pp_4246ae8c524462ec,S1b-2000,summarise,0.006685,
1791112233.628,t02_bootstrap-phreshphish,pp_4246ae8c524462ec,S3,summarise,0.003228,
1791112233.628,t02_bootstrap-phreshphish,pp_8296195a1f443cf6,S0,summarise,1.5e-05,
1791112233.632,t02_bootstrap-phreshphish,pp_8296195a1f443cf6,S1,summarise,0.003335,
1791112233.636,t02_bootstrap-phreshphish,pp_8296195a1f443cf6,S1b-100,summarise,0.00334,
1791112233.639,t02_bootstrap-phreshphish,pp_8296195a1f443cf6,S1b-250,summarise,0.003221,
1791112233.642,t02_bootstrap-phreshphish,pp_8296195a1f443cf6,S1b-500,summarise,0.003123,
1791112233.646,t02_bootstrap-phreshphish,pp_8296195a1f443cf6,S1b-1000,summarise,0.003028,
1791112233.649,t02_bootstrap-phreshphish,pp_8296195a1f443cf6,S1b-2000,summarise,0.002984,
1791112233.653,t02_bootstrap-phreshphish,pp_8296195a1f443cf6,S3,summarise,0.003787,
1791112233.653,t02_bootstrap-phreshphish,pp_258da25ea9aceb0d,S0,summarise,1.2e-05,
1791112233.663,t02_bootstrap-phreshphish,pp_258da25ea9aceb0d,S1,summarise,0.009658,
1791112233.672,t02_bootstrap-phreshphish,pp_258da25ea9aceb0d,S1b-100,summarise,0.008952,
1791112233.682,t02_bootstrap-phreshphish,pp_258da25ea9aceb0d,S1b-250,summarise,0.009535,
1791112233.692,t02_bootstrap-phreshphish,pp_258da25ea9aceb0d,S1b-500,summarise,0.009459,
1791112233.703,t02_bootstrap-phreshphish,pp_258da25ea9aceb0d,S1b-1000,summarise,0.010904,
1791112233.712,t02_bootstrap-phreshphish,pp_258da25ea9aceb0d,S1b-2000,summarise,0.008053,
1791112233.736,t02_bootstrap-phreshphish,pp_258da25ea9aceb0d,S3,summarise,0.023547,
1791112233.737,t02_bootstrap-phreshphish,pp_b003ddc0eaf942f8,S0,summarise,1.8e-05,
1791112233.777,t02_bootstrap-phreshphish,pp_b003ddc0eaf942f8,S1,summarise,0.039604,
1791112233.815,t02_bootstrap-phreshphish,pp_b003ddc0eaf942f8,S1b-100,summarise,0.037901,
1791112233.852,t02_bootstrap-phreshphish,pp_b003ddc0eaf942f8,S1b-250,summarise,0.037103,
1791112233.89,t02_bootstrap-phreshphish,pp_b003ddc0eaf942f8,S1b-500,summarise,0.037455,
1791112233.93,t02_bootstrap-phreshphish,pp_b003ddc0eaf942f8,S1b-1000,summarise,0.039095,
1791112233.976,t02_bootstrap-phreshphish,pp_b003ddc0eaf942f8,S1b-2000,summarise,0.04603,
1791112234.007,t02_bootstrap-phreshphish,pp_b003ddc0eaf942f8,S3,summarise,0.028787,
1791112234.008,t02_bootstrap-phreshphish,pp_535bc21509c5cf05,S0,summarise,1.8e-05,
1791112234.092,t02_bootstrap-phreshphish,pp_535bc21509c5cf05,S1,summarise,0.083734,
1791112234.152,t02_bootstrap-phreshphish,pp_535bc21509c5cf05,S1b-100,summarise,0.059927,
1791112234.212,t02_bootstrap-phreshphish,pp_535bc21509c5cf05,S1b-250,summarise,0.060027,
1791112234.296,t02_bootstrap-phreshphish,pp_535bc21509c5cf05,S1b-500,summarise,0.082965,
1791112234.362,t02_bootstrap-phreshphish,pp_535bc21509c5cf05,S1b-1000,summarise,0.065621,
1791112234.435,t02_bootstrap-phreshphish,pp_535bc21509c5cf05,S1b-2000,summarise,0.07278,
1791112234.535,t02_bootstrap-phreshphish,pp_535bc21509c5cf05,S3,summarise,0.095654,
1791112234.535,t02_bootstrap-phreshphish,pp_2bd3f318bb6ac403,S0,summarise,2.5e-05,
1791112234.544,t02_bootstrap-phreshphish,pp_2bd3f318bb6ac403,S1,summarise,0.008796,
1791112234.552,t02_bootstrap-phreshphish,pp_2bd3f318bb6ac403,S1b-100,summarise,0.007162,
1791112234.558,t02_bootstrap-phreshphish,pp_2bd3f318bb6ac403,S1b-250,summarise,0.005758,
1791112234.564,t02_bootstrap-phreshphish,pp_2bd3f318bb6ac403,S1b-500,summarise,0.005822,
1791112234.573,t02_bootstrap-phreshphish,pp_2bd3f318bb6ac403,S1b-1000,summarise,0.009161,
1791112234.581,t02_bootstrap-phreshphish,pp_2bd3f318bb6ac403,S1b-2000,summarise,0.006693,
1791112234.585,t02_bootstrap-phreshphish,pp_2bd3f318bb6ac403,S3,summarise,0.004055,
1791112234.585,t02_bootstrap-phreshphish,pp_8ccef8f399eeae6c,S0,summarise,1.9e-05,
1791112234.609,t02_bootstrap-phreshphish,pp_8ccef8f399eeae6c,S1,summarise,0.02294,
1791112234.632,t02_bootstrap-phreshphish,pp_8ccef8f399eeae6c,S1b-100,summarise,0.022713,
1791112234.655,t02_bootstrap-phreshphish,pp_8ccef8f399eeae6c,S1b-250,summarise,0.023338,
1791112234.678,t02_bootstrap-phreshphish,pp_8ccef8f399eeae6c,S1b-500,summarise,0.022753,
1791112234.701,t02_bootstrap-phreshphish,pp_8ccef8f399eeae6c,S1b-1000,summarise,0.022631,
1791112234.732,t02_bootstrap-phreshphish,pp_8ccef8f399eeae6c,S1b-2000,summarise,0.029832,
1791112234.752,t02_bootstrap-phreshphish,pp_8ccef8f399eeae6c,S3,summarise,0.017946,
1791112234.753,t02_bootstrap-phreshphish,pp_dead6d16669e1022,S0,summarise,1.8e-05,
1791112234.759,t02_bootstrap-phreshphish,pp_dead6d16669e1022,S1,summarise,0.005797,
1791112234.765,t02_bootstrap-phreshphish,pp_dead6d16669e1022,S1b-100,summarise,0.006031,
1791112234.772,t02_bootstrap-phreshphish,pp_dead6d16669e1022,S1b-250,summarise,0.007369,
1791112234.778,t02_bootstrap-phreshphish,pp_dead6d16669e1022,S1b-500,summarise,0.005617,
1791112234.785,t02_bootstrap-phreshphish,pp_dead6d16669e1022,S1b-1000,summarise,0.006069,
1791112234.79,t02_bootstrap-phreshphish,pp_dead6d16669e1022,S1b-2000,summarise,0.005614,
1791112234.792,t02_bootstrap-phreshphish,pp_dead6d16669e1022,S3,summarise,0.001426,
1791112234.792,t02_bootstrap-phreshphish,pp_56608bfd04219945,S0,summarise,1.4e-05,
1791112234.856,t02_bootstrap-phreshphish,pp_56608bfd04219945,S1,summarise,0.063527,
1791112234.944,t02_bootstrap-phreshphish,pp_56608bfd04219945,S1b-100,summarise,0.087677,
1791112235.008,t02_bootstrap-phreshphish,pp_56608bfd04219945,S1b-250,summarise,0.063485,
1791112235.076,t02_bootstrap-phreshphish,pp_56608bfd04219945,S1b-500,summarise,0.067535,
1791112235.168,t02_bootstrap-phreshphish,pp_56608bfd04219945,S1b-1000,summarise,0.091863,
1791112235.242,t02_bootstrap-phreshphish,pp_56608bfd04219945,S1b-2000,summarise,0.072771,
1791112235.327,t02_bootstrap-phreshphish,pp_56608bfd04219945,S3,summarise,0.081136,
1791112235.328,t02_bootstrap-phreshphish,pp_c47a3ab3e32f1418,S0,summarise,2e-05,
1791112235.331,t02_bootstrap-phreshphish,pp_c47a3ab3e32f1418,S1,summarise,0.002889,
1791112235.334,t02_bootstrap-phreshphish,pp_c47a3ab3e32f1418,S1b-100,summarise,0.002921,
1791112235.338,t02_bootstrap-phreshphish,pp_c47a3ab3e32f1418,S1b-250,summarise,0.003708,
1791112235.341,t02_bootstrap-phreshphish,pp_c47a3ab3e32f1418,S1b-500,summarise,0.002801,
1791112235.344,t02_bootstrap-phreshphish,pp_c47a3ab3e32f1418,S1b-1000,summarise,0.002553,
1791112235.346,t02_bootstrap-phreshphish,pp_c47a3ab3e32f1418,S1b-2000,summarise,0.002629,
1791112235.348,t02_bootstrap-phreshphish,pp_c47a3ab3e32f1418,S3,summarise,0.001669,
1791112235.349,t02_bootstrap-phreshphish,pp_18cd944cfaa85d8c,S0,summarise,1.5e-05,
1791112235.354,t02_bootstrap-phreshphish,pp_18cd944cfaa85d8c,S1,summarise,0.005383,
1791112235.36,t02_bootstrap-phreshphish,pp_18cd944cfaa85d8c,S1b-100,summarise,0.005325,
1791112235.367,t02_bootstrap-phreshphish,pp_18cd944cfaa85d8c,S1b-250,summarise,0.006615,
1791112235.372,t02_bootstrap-phreshphish,pp_18cd944cfaa85d8c,S1b-500,summarise,0.005464,
1791112235.378,t02_bootstrap-phreshphish,pp_18cd944cfaa85d8c,S1b-1000,summarise,0.005163,
1791112235.384,t02_bootstrap-phreshphish,pp_18cd944cfaa85d8c,S1b-2000,summarise,0.006309,
1791112235.389,t02_bootstrap-phreshphish,pp_18cd944cfaa85d8c,S3,summarise,0.004232,
1791112235.389,t02_bootstrap-phreshphish,pp_6a6ffd8c93e1f164,S0,summarise,1.6e-05,
1791112235.418,t02_bootstrap-phreshphish,pp_6a6ffd8c93e1f164,S1,summarise,0.028695,
1791112235.47,t02_bootstrap-phreshphish,pp_6a6ffd8c93e1f164,S1b-100,summarise,0.051043,
1791112235.497,t02_bootstrap-phreshphish,pp_6a6ffd8c93e1f164,S1b-250,summarise,0.026684,
1791112235.524,t02_bootstrap-phreshphish,pp_6a6ffd8c93e1f164,S1b-500,summarise,0.02681,
1791112235.552,t02_bootstrap-phreshphish,pp_6a6ffd8c93e1f164,S1b-1000,summarise,0.027426,
1791112235.581,t02_bootstrap-phreshphish,pp_6a6ffd8c93e1f164,S1b-2000,summarise,0.028999,
1791112235.604,t02_bootstrap-phreshphish,pp_6a6ffd8c93e1f164,S3,summarise,0.021763,
1791112235.605,t02_bootstrap-phreshphish,pp_0414663b4762af45,S0,summarise,2.2e-05,
1791112235.629,t02_bootstrap-phreshphish,pp_0414663b4762af45,S1,summarise,0.024171,
1791112235.651,t02_bootstrap-phreshphish,pp_0414663b4762af45,S1b-100,summarise,0.021327,
1791112235.672,t02_bootstrap-phreshphish,pp_0414663b4762af45,S1b-250,summarise,0.020975,
1791112235.694,t02_bootstrap-phreshphish,pp_0414663b4762af45,S1b-500,summarise,0.021048,
1791112235.717,t02_bootstrap-phreshphish,pp_0414663b4762af45,S1b-1000,summarise,0.022767,
1791112235.739,t02_bootstrap-phreshphish,pp_0414663b4762af45,S1b-2000,summarise,0.021071,
1791112235.773,t02_bootstrap-phreshphish,pp_0414663b4762af45,S3,summarise,0.034288,
1791112235.774,t02_bootstrap-phreshphish,pp_2f0375a954c96332,S0,summarise,1.5e-05,
1791112235.811,t02_bootstrap-phreshphish,pp_2f0375a954c96332,S1,summarise,0.036877,
1791112235.847,t02_bootstrap-phreshphish,pp_2f0375a954c96332,S1b-100,summarise,0.035043,
1791112235.883,t02_bootstrap-phreshphish,pp_2f0375a954c96332,S1b-250,summarise,0.035771,
1791112235.919,t02_bootstrap-phreshphish,pp_2f0375a954c96332,S1b-500,summarise,0.036544,
1791112235.957,t02_bootstrap-phreshphish,pp_2f0375a954c96332,S1b-1000,summarise,0.036859,
1791112236.015,t02_bootstrap-phreshphish,pp_2f0375a954c96332,S1b-2000,summarise,0.057682,
1791112236.054,t02_bootstrap-phreshphish,pp_2f0375a954c96332,S3,summarise,0.035725,
1791112236.055,t02_bootstrap-phreshphish,pp_11e2d32ddc41be5b,S0,summarise,1.6e-05,
1791112236.063,t02_bootstrap-phreshphish,pp_11e2d32ddc41be5b,S1,summarise,0.007984,
1791112236.071,t02_bootstrap-phreshphish,pp_11e2d32ddc41be5b,S1b-100,summarise,0.007259,
1791112236.078,t02_bootstrap-phreshphish,pp_11e2d32ddc41be5b,S1b-250,summarise,0.006828,
1791112236.086,t02_bootstrap-phreshphish,pp_11e2d32ddc41be5b,S1b-500,summarise,0.007941,
1791112236.094,t02_bootstrap-phreshphish,pp_11e2d32ddc41be5b,S1b-1000,summarise,0.007481,
1791112236.102,t02_bootstrap-phreshphish,pp_11e2d32ddc41be5b,S1b-2000,summarise,0.007726,
1791112236.109,t02_bootstrap-phreshphish,pp_11e2d32ddc41be5b,S3,summarise,0.005687,
1791112236.109,t02_bootstrap-phreshphish,pp_8ee4ca5f421ebd86,S0,summarise,1.6e-05,
1791112236.183,t02_bootstrap-phreshphish,pp_8ee4ca5f421ebd86,S1,summarise,0.073218,
1791112236.253,t02_bootstrap-phreshphish,pp_8ee4ca5f421ebd86,S1b-100,summarise,0.069809,
1791112236.344,t02_bootstrap-phreshphish,pp_8ee4ca5f421ebd86,S1b-250,summarise,0.090916,
1791112236.415,t02_bootstrap-phreshphish,pp_8ee4ca5f421ebd86,S1b-500,summarise,0.070996,
1791112236.488,t02_bootstrap-phreshphish,pp_8ee4ca5f421ebd86,S1b-1000,summarise,0.072265,
1791112236.592,t02_bootstrap-phreshphish,pp_8ee4ca5f421ebd86,S1b-2000,summarise,0.102986,
1791112242.707,t02_bootstrap-phreshphish,pp_8ee4ca5f421ebd86,S3,summarise,6.109559,
1791112242.708,t02_bootstrap-phreshphish,pp_b83ab267e99faf6b,S0,summarise,2.2e-05,
1791112242.71,t02_bootstrap-phreshphish,pp_b83ab267e99faf6b,S1,summarise,0.001692,
1791112242.712,t02_bootstrap-phreshphish,pp_b83ab267e99faf6b,S1b-100,summarise,0.001632,
1791112242.713,t02_bootstrap-phreshphish,pp_b83ab267e99faf6b,S1b-250,summarise,0.001605,
1791112242.715,t02_bootstrap-phreshphish,pp_b83ab267e99faf6b,S1b-500,summarise,0.001489,
1791112242.717,t02_bootstrap-phreshphish,pp_b83ab267e99faf6b,S1b-1000,summarise,0.001795,
1791112242.719,t02_bootstrap-phreshphish,pp_b83ab267e99faf6b,S1b-2000,summarise,0.001486,
1791112242.72,t02_bootstrap-phreshphish,pp_b83ab267e99faf6b,S3,summarise,0.00104,
1791112242.72,t02_bootstrap-phreshphish,pp_a7179ac85e83f756,S0,summarise,1.4e-05,
1791112242.722,t02_bootstrap-phreshphish,pp_a7179ac85e83f756,S1,summarise,0.001834,
1791112242.724,t02_bootstrap-phreshphish,pp_a7179ac85e83f756,S1b-100,summarise,0.001707,
1791112242.726,t02_bootstrap-phreshphish,pp_a7179ac85e83f756,S1b-250,summarise,0.001921,
1791112242.729,t02_bootstrap-phreshphish,pp_a7179ac85e83f756,S1b-500,summarise,0.002268,
1791112242.731,t02_bootstrap-phreshphish,pp_a7179ac85e83f756,S1b-1000,summarise,0.001673,
1791112242.733,t02_bootstrap-phreshphish,pp_a7179ac85e83f756,S1b-2000,summarise,0.001731,
1791112242.734,t02_bootstrap-phreshphish,pp_a7179ac85e83f756,S3,summarise,0.000928,
1791112242.734,t02_bootstrap-phreshphish,pp_85f8cf232cdce8d7,S0,summarise,1.3e-05,
1791112242.736,t02_bootstrap-phreshphish,pp_85f8cf232cdce8d7,S1,summarise,0.001958,
1791112242.738,t02_bootstrap-phreshphish,pp_85f8cf232cdce8d7,S1b-100,summarise,0.001991,
1791112242.741,t02_bootstrap-phreshphish,pp_85f8cf232cdce8d7,S1b-250,summarise,0.0022,
1791112242.743,t02_bootstrap-phreshphish,pp_85f8cf232cdce8d7,S1b-500,summarise,0.002008,
1791112242.745,t02_bootstrap-phreshphish,pp_85f8cf232cdce8d7,S1b-1000,summarise,0.001927,
1791112242.747,t02_bootstrap-phreshphish,pp_85f8cf232cdce8d7,S1b-2000,summarise,0.001834,
1791112242.748,t02_bootstrap-phreshphish,pp_85f8cf232cdce8d7,S3,summarise,0.000608,
1791112242.748,t02_bootstrap-phreshphish,pp_03cd4fde802b0031,S0,summarise,1.8e-05,
1791112242.783,t02_bootstrap-phreshphish,pp_03cd4fde802b0031,S1,summarise,0.034197,
1791112242.796,t02_bootstrap-phreshphish,pp_03cd4fde802b0031,S1b-100,summarise,0.012439,
1791112242.809,t02_bootstrap-phreshphish,pp_03cd4fde802b0031,S1b-250,summarise,0.013098,
1791112242.822,t02_bootstrap-phreshphish,pp_03cd4fde802b0031,S1b-500,summarise,0.012844,
1791112242.837,t02_bootstrap-phreshphish,pp_03cd4fde802b0031,S1b-1000,summarise,0.013865,
1791112242.852,t02_bootstrap-phreshphish,pp_03cd4fde802b0031,S1b-2000,summarise,0.014906,
1791112242.866,t02_bootstrap-phreshphish,pp_03cd4fde802b0031,S3,summarise,0.012405,
1791112242.866,t02_bootstrap-phreshphish,pp_67aa8f019e75e4e3,S0,summarise,1.6e-05,
1791112242.884,t02_bootstrap-phreshphish,pp_67aa8f019e75e4e3,S1,summarise,0.01695,
1791112242.899,t02_bootstrap-phreshphish,pp_67aa8f019e75e4e3,S1b-100,summarise,0.015331,
1791112242.914,t02_bootstrap-phreshphish,pp_67aa8f019e75e4e3,S1b-250,summarise,0.014249,
1791112242.93,t02_bootstrap-phreshphish,pp_67aa8f019e75e4e3,S1b-500,summarise,0.016247,
1791112242.947,t02_bootstrap-phreshphish,pp_67aa8f019e75e4e3,S1b-1000,summarise,0.016587,
1791112242.962,t02_bootstrap-phreshphish,pp_67aa8f019e75e4e3,S1b-2000,summarise,0.01458,
1791112242.973,t02_bootstrap-phreshphish,pp_67aa8f019e75e4e3,S3,summarise,0.009791,
1791112242.974,t02_bootstrap-phreshphish,pp_b6f051e61675ada8,S0,summarise,2e-05,
1791112243.07,t02_bootstrap-phreshphish,pp_b6f051e61675ada8,S1,summarise,0.095791,
1791112243.185,t02_bootstrap-phreshphish,pp_b6f051e61675ada8,S1b-100,summarise,0.114815,
1791112243.279,t02_bootstrap-phreshphish,pp_b6f051e61675ada8,S1b-250,summarise,0.093544,
1791112243.405,t02_bootstrap-phreshphish,pp_b6f051e61675ada8,S1b-500,summarise,0.125366,
1791112243.503,t02_bootstrap-phreshphish,pp_b6f051e61675ada8,S1b-1000,summarise,0.097291,
1791112243.607,t02_bootstrap-phreshphish,pp_b6f051e61675ada8,S1b-2000,summarise,0.103021,
1791112243.73,t02_bootstrap-phreshphish,pp_b6f051e61675ada8,S3,summarise,0.117854,
1791112243.73,t02_bootstrap-phreshphish,pp_29abc00cbdb11b7d,S0,summarise,1.9e-05,
1791112243.732,t02_bootstrap-phreshphish,pp_29abc00cbdb11b7d,S1,summarise,0.001222,
1791112243.733,t02_bootstrap-phreshphish,pp_29abc00cbdb11b7d,S1b-100,summarise,0.001124,
1791112243.734,t02_bootstrap-phreshphish,pp_29abc00cbdb11b7d,S1b-250,summarise,0.001109,
1791112243.735,t02_bootstrap-phreshphish,pp_29abc00cbdb11b7d,S1b-500,summarise,0.001011,
1791112243.737,t02_bootstrap-phreshphish,pp_29abc00cbdb11b7d,S1b-1000,summarise,0.001071,
1791112243.738,t02_bootstrap-phreshphish,pp_29abc00cbdb11b7d,S1b-2000,summarise,0.001039,
1791112243.739,t02_bootstrap-phreshphish,pp_29abc00cbdb11b7d,S3,summarise,0.000589,
1791112243.739,t02_bootstrap-phreshphish,pp_c456c29d9b7a1bce,S0,summarise,1.8e-05,
1791112243.747,t02_bootstrap-phreshphish,pp_c456c29d9b7a1bce,S1,summarise,0.007961,
1791112243.752,t02_bootstrap-phreshphish,pp_c456c29d9b7a1bce,S1b-100,summarise,0.004949,
1791112243.759,t02_bootstrap-phreshphish,pp_c456c29d9b7a1bce,S1b-250,summarise,0.006586,
1791112243.765,t02_bootstrap-phreshphish,pp_c456c29d9b7a1bce,S1b-500,summarise,0.005436,
1791112243.773,t02_bootstrap-phreshphish,pp_c456c29d9b7a1bce,S1b-1000,summarise,0.007851,
1791112243.779,t02_bootstrap-phreshphish,pp_c456c29d9b7a1bce,S1b-2000,summarise,0.005258,
1791112243.782,t02_bootstrap-phreshphish,pp_c456c29d9b7a1bce,S3,summarise,0.002863,
1791112243.783,t02_bootstrap-phreshphish,pp_b72cd830b2f2f086,S0,summarise,2.3e-05,
1791112243.792,t02_bootstrap-phreshphish,pp_b72cd830b2f2f086,S1,summarise,0.009032,
1791112243.802,t02_bootstrap-phreshphish,pp_b72cd830b2f2f086,S1b-100,summarise,0.009778,
1791112243.811,t02_bootstrap-phreshphish,pp_b72cd830b2f2f086,S1b-250,summarise,0.00869,
1791112243.822,t02_bootstrap-phreshphish,pp_b72cd830b2f2f086,S1b-500,summarise,0.010885,
1791112243.831,t02_bootstrap-phreshphish,pp_b72cd830b2f2f086,S1b-1000,summarise,0.008539,
1791112243.841,t02_bootstrap-phreshphish,pp_b72cd830b2f2f086,S1b-2000,summarise,0.009488,
1791112243.849,t02_bootstrap-phreshphish,pp_b72cd830b2f2f086,S3,summarise,0.007038,
1791112243.85,t02_bootstrap-phreshphish,pp_d360067bb76dc49e,S0,summarise,1.6e-05,
1791112243.875,t02_bootstrap-phreshphish,pp_d360067bb76dc49e,S1,summarise,0.02527,
1791112243.898,t02_bootstrap-phreshphish,pp_d360067bb76dc49e,S1b-100,summarise,0.022435,
1791112243.922,t02_bootstrap-phreshphish,pp_d360067bb76dc49e,S1b-250,summarise,0.023178,
1791112243.946,t02_bootstrap-phreshphish,pp_d360067bb76dc49e,S1b-500,summarise,0.023823,
1791112243.992,t02_bootstrap-phreshphish,pp_d360067bb76dc49e,S1b-1000,summarise,0.045522,
1791112244.017,t02_bootstrap-phreshphish,pp_d360067bb76dc49e,S1b-2000,summarise,0.024477,
1791112244.042,t02_bootstrap-phreshphish,pp_d360067bb76dc49e,S3,summarise,0.022521,
1791112244.043,t02_bootstrap-phreshphish,pp_2ddde4f7bc617530,S0,summarise,2e-05,
1791112244.089,t02_bootstrap-phreshphish,pp_2ddde4f7bc617530,S1,summarise,0.046052,
1791112244.131,t02_bootstrap-phreshphish,pp_2ddde4f7bc617530,S1b-100,summarise,0.041289,
1791112244.172,t02_bootstrap-phreshphish,pp_2ddde4f7bc617530,S1b-250,summarise,0.04092,
1791112244.216,t02_bootstrap-phreshphish,pp_2ddde4f7bc617530,S1b-500,summarise,0.043031,
1791112244.287,t02_bootstrap-phreshphish,pp_2ddde4f7bc617530,S1b-1000,summarise,0.070604,
1791112244.329,t02_bootstrap-phreshphish,pp_2ddde4f7bc617530,S1b-2000,summarise,0.041867,
1791112244.372,t02_bootstrap-phreshphish,pp_2ddde4f7bc617530,S3,summarise,0.038182,
1791112244.374,t02_bootstrap-phreshphish,pp_75a906ecd3afb340,S0,summarise,3.5e-05,
1791112244.438,t02_bootstrap-phreshphish,pp_75a906ecd3afb340,S1,summarise,0.063561,
1791112244.501,t02_bootstrap-phreshphish,pp_75a906ecd3afb340,S1b-100,summarise,0.062541,
1791112244.563,t02_bootstrap-phreshphish,pp_75a906ecd3afb340,S1b-250,summarise,0.06205,
1791112244.628,t02_bootstrap-phreshphish,pp_75a906ecd3afb340,S1b-500,summarise,0.064764,
1791112244.723,t02_bootstrap-phreshphish,pp_75a906ecd3afb340,S1b-1000,summarise,0.094478,
1791112244.79,t02_bootstrap-phreshphish,pp_75a906ecd3afb340,S1b-2000,summarise,0.066254,
1791112245.22,t02_bootstrap-phreshphish,pp_75a906ecd3afb340,S3,summarise,0.42568,
1791112245.221,t02_bootstrap-phreshphish,pp_807746455a3a3f9c,S0,summarise,2e-05,
1791112245.244,t02_bootstrap-phreshphish,pp_807746455a3a3f9c,S1,summarise,0.022442,
1791112245.264,t02_bootstrap-phreshphish,pp_807746455a3a3f9c,S1b-100,summarise,0.019924,
1791112245.284,t02_bootstrap-phreshphish,pp_807746455a3a3f9c,S1b-250,summarise,0.019939,
1791112245.304,t02_bootstrap-phreshphish,pp_807746455a3a3f9c,S1b-500,summarise,0.019635,
1791112245.327,t02_bootstrap-phreshphish,pp_807746455a3a3f9c,S1b-1000,summarise,0.0227,
1791112245.354,t02_bootstrap-phreshphish,pp_807746455a3a3f9c,S1b-2000,summarise,0.026373,
1791112245.361,t02_bootstrap-phreshphish,pp_807746455a3a3f9c,S3,summarise,0.005564,
1791112245.361,t02_bootstrap-phreshphish,pp_423b214d2e855b9c,S0,summarise,1.6e-05,
1791112245.371,t02_bootstrap-phreshphish,pp_423b214d2e855b9c,S1,summarise,0.009528,
1791112245.379,t02_bootstrap-phreshphish,pp_423b214d2e855b9c,S1b-100,summarise,0.007896,
1791112245.387,t02_bootstrap-phreshphish,pp_423b214d2e855b9c,S1b-250,summarise,0.00734,
1791112245.397,t02_bootstrap-phreshphish,pp_423b214d2e855b9c,S1b-500,summarise,0.010062,
1791112245.407,t02_bootstrap-phreshphish,pp_423b214d2e855b9c,S1b-1000,summarise,0.00948,
1791112245.416,t02_bootstrap-phreshphish,pp_423b214d2e855b9c,S1b-2000,summarise,0.008877,
1791112245.421,t02_bootstrap-phreshphish,pp_423b214d2e855b9c,S3,summarise,0.004017,
1791112245.422,t02_bootstrap-phreshphish,pp_1aaffa4202c064b0,S0,summarise,1.5e-05,
1791112245.423,t02_bootstrap-phreshphish,pp_1aaffa4202c064b0,S1,summarise,0.001012,
1791112245.424,t02_bootstrap-phreshphish,pp_1aaffa4202c064b0,S1b-100,summarise,0.000937,
1791112245.425,t02_bootstrap-phreshphish,pp_1aaffa4202c064b0,S1b-250,summarise,0.00114,
1791112245.426,t02_bootstrap-phreshphish,pp_1aaffa4202c064b0,S1b-500,summarise,0.000919,
1791112245.428,t02_bootstrap-phreshphish,pp_1aaffa4202c064b0,S1b-1000,summarise,0.000947,
1791112245.429,t02_bootstrap-phreshphish,pp_1aaffa4202c064b0,S1b-2000,summarise,0.000963,
1791112245.43,t02_bootstrap-phreshphish,pp_1aaffa4202c064b0,S3,summarise,0.000542,
1791112245.43,t02_bootstrap-phreshphish,pp_129afb3cee2dd0c4,S0,summarise,1.2e-05,
1791112245.438,t02_bootstrap-phreshphish,pp_129afb3cee2dd0c4,S1,summarise,0.007485,
1791112245.444,t02_bootstrap-phreshphish,pp_129afb3cee2dd0c4,S1b-100,summarise,0.005912,
1791112245.449,t02_bootstrap-phreshphish,pp_129afb3cee2dd0c4,S1b-250,summarise,0.005298,
1791112245.456,t02_bootstrap-phreshphish,pp_129afb3cee2dd0c4,S1b-500,summarise,0.006127,
1791112245.464,t02_bootstrap-phreshphish,pp_129afb3cee2dd0c4,S1b-1000,summarise,0.008202,
1791112245.47,t02_bootstrap-phreshphish,pp_129afb3cee2dd0c4,S1b-2000,summarise,0.005245,
1791112245.474,t02_bootstrap-phreshphish,pp_129afb3cee2dd0c4,S3,summarise,0.002917,
1791112245.475,t02_bootstrap-phreshphish,pp_a8929a75d09539aa,S0,summarise,2.3e-05,
1791112245.578,t02_bootstrap-phreshphish,pp_a8929a75d09539aa,S1,summarise,0.102112,
1791112245.678,t02_bootstrap-phreshphish,pp_a8929a75d09539aa,S1b-100,summarise,0.099171,
1791112245.773,t02_bootstrap-phreshphish,pp_a8929a75d09539aa,S1b-250,summarise,0.094698,
1791112245.867,t02_bootstrap-phreshphish,pp_a8929a75d09539aa,S1b-500,summarise,0.093863,
1791112245.956,t02_bootstrap-phreshphish,pp_a8929a75d09539aa,S1b-1000,summarise,0.088277,
1791112246.073,t02_bootstrap-phreshphish,pp_a8929a75d09539aa,S1b-2000,summarise,0.113977,
1791112246.091,t02_bootstrap-phreshphish,pp_a8929a75d09539aa,S3,summarise,0.016165,
1791112246.092,t02_bootstrap-phreshphish,pp_2c1f62d54fd23706,S0,summarise,1.9e-05,
1791112246.166,t02_bootstrap-phreshphish,pp_2c1f62d54fd23706,S1,summarise,0.073835,
1791112246.218,t02_bootstrap-phreshphish,pp_2c1f62d54fd23706,S1b-100,summarise,0.051246,
1791112246.269,t02_bootstrap-phreshphish,pp_2c1f62d54fd23706,S1b-250,summarise,0.050787,
1791112246.319,t02_bootstrap-phreshphish,pp_2c1f62d54fd23706,S1b-500,summarise,0.049986,
1791112246.37,t02_bootstrap-phreshphish,pp_2c1f62d54fd23706,S1b-1000,summarise,0.050622,
1791112246.45,t02_bootstrap-phreshphish,pp_2c1f62d54fd23706,S1b-2000,summarise,0.075972,
1791112246.497,t02_bootstrap-phreshphish,pp_2c1f62d54fd23706,S3,summarise,0.042859,
1791112246.498,t02_bootstrap-phreshphish,pp_677bb8ea953db140,S0,summarise,1.7e-05,
1791112246.499,t02_bootstrap-phreshphish,pp_677bb8ea953db140,S1,summarise,0.001631,
1791112246.501,t02_bootstrap-phreshphish,pp_677bb8ea953db140,S1b-100,summarise,0.001523,
1791112246.503,t02_bootstrap-phreshphish,pp_677bb8ea953db140,S1b-250,summarise,0.001634,
1791112246.505,t02_bootstrap-phreshphish,pp_677bb8ea953db140,S1b-500,summarise,0.001599,
1791112246.506,t02_bootstrap-phreshphish,pp_677bb8ea953db140,S1b-1000,summarise,0.001418,
1791112246.508,t02_bootstrap-phreshphish,pp_677bb8ea953db140,S1b-2000,summarise,0.001493,
1791112246.509,t02_bootstrap-phreshphish,pp_677bb8ea953db140,S3,summarise,0.000838,
1791112246.509,t02_bootstrap-phreshphish,pp_1a0a79633551a824,S0,summarise,1.2e-05,
1791112246.526,t02_bootstrap-phreshphish,pp_1a0a79633551a824,S1,summarise,0.016212,
1791112246.541,t02_bootstrap-phreshphish,pp_1a0a79633551a824,S1b-100,summarise,0.014527,
1791112246.555,t02_bootstrap-phreshphish,pp_1a0a79633551a824,S1b-250,summarise,0.014382,
1791112246.57,t02_bootstrap-phreshphish,pp_1a0a79633551a824,S1b-500,summarise,0.014178,
1791112246.586,t02_bootstrap-phreshphish,pp_1a0a79633551a824,S1b-1000,summarise,0.016394,
1791112246.603,t02_bootstrap-phreshphish,pp_1a0a79633551a824,S1b-2000,summarise,0.01603,
1791112246.618,t02_bootstrap-phreshphish,pp_1a0a79633551a824,S3,summarise,0.01333,
1791112246.618,t02_bootstrap-phreshphish,pp_f7ca3ebedb432f55,S0,summarise,1.2e-05,
1791112246.623,t02_bootstrap-phreshphish,pp_f7ca3ebedb432f55,S1,summarise,0.004157,
1791112246.627,t02_bootstrap-phreshphish,pp_f7ca3ebedb432f55,S1b-100,summarise,0.00376,
1791112246.631,t02_bootstrap-phreshphish,pp_f7ca3ebedb432f55,S1b-250,summarise,0.003944,
1791112246.635,t02_bootstrap-phreshphish,pp_f7ca3ebedb432f55,S1b-500,summarise,0.003741,
1791112246.639,t02_bootstrap-phreshphish,pp_f7ca3ebedb432f55,S1b-1000,summarise,0.003792,
1791112246.644,t02_bootstrap-phreshphish,pp_f7ca3ebedb432f55,S1b-2000,summarise,0.004779,
1791112246.647,t02_bootstrap-phreshphish,pp_f7ca3ebedb432f55,S3,summarise,0.002532,
1791112246.647,t02_bootstrap-phreshphish,pp_33c2a50bb2cf357f,S0,summarise,1.2e-05,
1791112246.674,t02_bootstrap-phreshphish,pp_33c2a50bb2cf357f,S1,summarise,0.026364,
1791112246.701,t02_bootstrap-phreshphish,pp_33c2a50bb2cf357f,S1b-100,summarise,0.026589,
1791112246.727,t02_bootstrap-phreshphish,pp_33c2a50bb2cf357f,S1b-250,summarise,0.025822,
1791112246.778,t02_bootstrap-phreshphish,pp_33c2a50bb2cf357f,S1b-500,summarise,0.051046,
1791112246.806,t02_bootstrap-phreshphish,pp_33c2a50bb2cf357f,S1b-1000,summarise,0.028014,
1791112246.836,t02_bootstrap-phreshphish,pp_33c2a50bb2cf357f,S1b-2000,summarise,0.028714,
1791112246.867,t02_bootstrap-phreshphish,pp_33c2a50bb2cf357f,S3,summarise,0.029367,
1791112246.867,t02_bootstrap-phreshphish,pp_c5cb2b1f2558d858,S0,summarise,1.3e-05,
1791112246.87,t02_bootstrap-phreshphish,pp_c5cb2b1f2558d858,S1,summarise,0.002132,
1791112246.872,t02_bootstrap-phreshphish,pp_c5cb2b1f2558d858,S1b-100,summarise,0.002037,
1791112246.874,t02_bootstrap-phreshphish,pp_c5cb2b1f2558d858,S1b-250,summarise,0.002054,
1791112246.876,t02_bootstrap-phreshphish,pp_c5cb2b1f2558d858,S1b-500,summarise,0.002334,
1791112246.879,t02_bootstrap-phreshphish,pp_c5cb2b1f2558d858,S1b-1000,summarise,0.00197,
1791112246.881,t02_bootstrap-phreshphish,pp_c5cb2b1f2558d858,S1b-2000,summarise,0.00201,
1791112246.882,t02_bootstrap-phreshphish,pp_c5cb2b1f2558d858,S3,summarise,0.001503,
1791112246.883,t02_bootstrap-phreshphish,pp_8c1c401659891494,S0,summarise,1.4e-05,
1791112246.885,t02_bootstrap-phreshphish,pp_8c1c401659891494,S1,summarise,0.00242,
1791112246.888,t02_bootstrap-phreshphish,pp_8c1c401659891494,S1b-100,summarise,0.002223,
1791112246.89,t02_bootstrap-phreshphish,pp_8c1c401659891494,S1b-250,summarise,0.002312,
1791112246.894,t02_bootstrap-phreshphish,pp_8c1c401659891494,S1b-500,summarise,0.003068,
1791112246.896,t02_bootstrap-phreshphish,pp_8c1c401659891494,S1b-1000,summarise,0.002184,
1791112246.898,t02_bootstrap-phreshphish,pp_8c1c401659891494,S1b-2000,summarise,0.002163,
1791112246.9,t02_bootstrap-phreshphish,pp_8c1c401659891494,S3,summarise,0.001729,
1791112246.9,t02_bootstrap-phreshphish,pp_11e165d4db4a0594,S0,summarise,1.5e-05,
1791112246.902,t02_bootstrap-phreshphish,pp_11e165d4db4a0594,S1,summarise,0.001487,
1791112246.904,t02_bootstrap-phreshphish,pp_11e165d4db4a0594,S1b-100,summarise,0.001336,
1791112246.905,t02_bootstrap-phreshphish,pp_11e165d4db4a0594,S1b-250,summarise,0.001505,
1791112246.907,t02_bootstrap-phreshphish,pp_11e165d4db4a0594,S1b-500,summarise,0.001248,
1791112246.908,t02_bootstrap-phreshphish,pp_11e165d4db4a0594,S1b-1000,summarise,0.001317,
1791112246.91,t02_bootstrap-phreshphish,pp_11e165d4db4a0594,S1b-2000,summarise,0.001255,
1791112246.911,t02_bootstrap-phreshphish,pp_11e165d4db4a0594,S3,summarise,0.000773,
1791112246.911,t02_bootstrap-phreshphish,pp_ae3b1448df011d05,S0,summarise,1.2e-05,
1791112246.935,t02_bootstrap-phreshphish,pp_ae3b1448df011d05,S1,summarise,0.023178,
1791112246.955,t02_bootstrap-phreshphish,pp_ae3b1448df011d05,S1b-100,summarise,0.020037,
1791112246.975,t02_bootstrap-phreshphish,pp_ae3b1448df011d05,S1b-250,summarise,0.020203,
1791112246.996,t02_bootstrap-phreshphish,pp_ae3b1448df011d05,S1b-500,summarise,0.020481,
1791112247.019,t02_bootstrap-phreshphish,pp_ae3b1448df011d05,S1b-1000,summarise,0.021964,
1791112247.057,t02_bootstrap-phreshphish,pp_ae3b1448df011d05,S1b-2000,summarise,0.037687,
1791112247.076,t02_bootstrap-phreshphish,pp_ae3b1448df011d05,S3,summarise,0.017533,
1791112247.076,t02_bootstrap-phreshphish,pp_d73d162cd5c1312a,S0,summarise,1.2e-05,
1791112247.079,t02_bootstrap-phreshphish,pp_d73d162cd5c1312a,S1,summarise,0.001899,
1791112247.081,t02_bootstrap-phreshphish,pp_d73d162cd5c1312a,S1b-100,summarise,0.002499,
1791112247.083,t02_bootstrap-phreshphish,pp_d73d162cd5c1312a,S1b-250,summarise,0.002056,
1791112247.086,t02_bootstrap-phreshphish,pp_d73d162cd5c1312a,S1b-500,summarise,0.001993,
1791112247.088,t02_bootstrap-phreshphish,pp_d73d162cd5c1312a,S1b-1000,summarise,0.001756,
1791112247.09,t02_bootstrap-phreshphish,pp_d73d162cd5c1312a,S1b-2000,summarise,0.001867,
1791112247.091,t02_bootstrap-phreshphish,pp_d73d162cd5c1312a,S3,summarise,0.001299,
1791112247.092,t02_bootstrap-phreshphish,pp_2d88d92204512cff,S0,summarise,1.3e-05,
1791112247.093,t02_bootstrap-phreshphish,pp_2d88d92204512cff,S1,summarise,0.000951,
1791112247.094,t02_bootstrap-phreshphish,pp_2d88d92204512cff,S1b-100,summarise,0.000872,
1791112247.095,t02_bootstrap-phreshphish,pp_2d88d92204512cff,S1b-250,summarise,0.000949,
1791112247.096,t02_bootstrap-phreshphish,pp_2d88d92204512cff,S1b-500,summarise,0.000828,
1791112247.097,t02_bootstrap-phreshphish,pp_2d88d92204512cff,S1b-1000,summarise,0.000868,
1791112247.098,t02_bootstrap-phreshphish,pp_2d88d92204512cff,S1b-2000,summarise,0.000823,
1791112247.099,t02_bootstrap-phreshphish,pp_2d88d92204512cff,S3,summarise,0.000475,
1791112247.099,t02_bootstrap-phreshphish,pp_73621bdbabe67ba1,S0,summarise,1.1e-05,
1791112247.1,t02_bootstrap-phreshphish,pp_73621bdbabe67ba1,S1,summarise,0.000787,
1791112247.101,t02_bootstrap-phreshphish,pp_73621bdbabe67ba1,S1b-100,summarise,0.000706,
1791112247.101,t02_bootstrap-phreshphish,pp_73621bdbabe67ba1,S1b-250,summarise,0.000678,
1791112247.102,t02_bootstrap-phreshphish,pp_73621bdbabe67ba1,S1b-500,summarise,0.000674,
1791112247.103,t02_bootstrap-phreshphish,pp_73621bdbabe67ba1,S1b-1000,summarise,0.00073,
1791112247.104,t02_bootstrap-phreshphish,pp_73621bdbabe67ba1,S1b-2000,summarise,0.000666,
1791112247.104,t02_bootstrap-phreshphish,pp_73621bdbabe67ba1,S3,summarise,0.000411,
1791112247.105,t02_bootstrap-phreshphish,pp_24662137ad452272,S0,summarise,1.1e-05,
1791112247.121,t02_bootstrap-phreshphish,pp_24662137ad452272,S1,summarise,0.016103,
1791112247.134,t02_bootstrap-phreshphish,pp_24662137ad452272,S1b-100,summarise,0.013219,
1791112247.149,t02_bootstrap-phreshphish,pp_24662137ad452272,S1b-250,summarise,0.014348,
1791112247.163,t02_bootstrap-phreshphish,pp_24662137ad452272,S1b-500,summarise,0.0139,
1791112247.18,t02_bootstrap-phreshphish,pp_24662137ad452272,S1b-1000,summarise,0.016086,
1791112247.205,t02_bootstrap-phreshphish,pp_24662137ad452272,S1b-2000,summarise,0.024912,
1791112247.215,t02_bootstrap-phreshphish,pp_24662137ad452272,S3,summarise,0.008962,
1791112247.216,t02_bootstrap-phreshphish,pp_9d4b2fd401d3f1d7,S0,summarise,1.4e-05,
1791112247.225,t02_bootstrap-phreshphish,pp_9d4b2fd401d3f1d7,S1,summarise,0.008477,
1791112247.232,t02_bootstrap-phreshphish,pp_9d4b2fd401d3f1d7,S1b-100,summarise,0.007027,
1791112247.238,t02_bootstrap-phreshphish,pp_9d4b2fd401d3f1d7,S1b-250,summarise,0.00624,
1791112247.245,t02_bootstrap-phreshphish,pp_9d4b2fd401d3f1d7,S1b-500,summarise,0.006815,
1791112247.254,t02_bootstrap-phreshphish,pp_9d4b2fd401d3f1d7,S1b-1000,summarise,0.008178,
1791112247.261,t02_bootstrap-phreshphish,pp_9d4b2fd401d3f1d7,S1b-2000,summarise,0.006176,
1791112247.265,t02_bootstrap-phreshphish,pp_9d4b2fd401d3f1d7,S3,summarise,0.003449,
1791112247.265,t02_bootstrap-phreshphish,pp_b689d998e190b4eb,S0,summarise,1.3e-05,
1791112247.267,t02_bootstrap-phreshphish,pp_b689d998e190b4eb,S1,summarise,0.001251,
1791112247.268,t02_bootstrap-phreshphish,pp_b689d998e190b4eb,S1b-100,summarise,0.00123,
1791112247.27,t02_bootstrap-phreshphish,pp_b689d998e190b4eb,S1b-250,summarise,0.001291,
1791112247.271,t02_bootstrap-phreshphish,pp_b689d998e190b4eb,S1b-500,summarise,0.001179,
1791112247.272,t02_bootstrap-phreshphish,pp_b689d998e190b4eb,S1b-1000,summarise,0.001247,
1791112247.274,t02_bootstrap-phreshphish,pp_b689d998e190b4eb,S1b-2000,summarise,0.001174,
1791112247.275,t02_bootstrap-phreshphish,pp_b689d998e190b4eb,S3,summarise,0.001575,
1791112247.276,t02_bootstrap-phreshphish,pp_c82ae662c665585d,S0,summarise,1.2e-05,
1791112247.33,t02_bootstrap-phreshphish,pp_c82ae662c665585d,S1,summarise,0.053415,
1791112247.379,t02_bootstrap-phreshphish,pp_c82ae662c665585d,S1b-100,summarise,0.048952,
1791112247.449,t02_bootstrap-phreshphish,pp_c82ae662c665585d,S1b-250,summarise,0.069459,
1791112247.501,t02_bootstrap-phreshphish,pp_c82ae662c665585d,S1b-500,summarise,0.051727,
1791112247.553,t02_bootstrap-phreshphish,pp_c82ae662c665585d,S1b-1000,summarise,0.0521,
1791112247.62,t02_bootstrap-phreshphish,pp_c82ae662c665585d,S1b-2000,summarise,0.065794,
1791112247.675,t02_bootstrap-phreshphish,pp_c82ae662c665585d,S3,summarise,0.051226,
1791112247.675,t02_bootstrap-phreshphish,pp_5398c750ab444a6a,S0,summarise,1.5e-05,
1791112247.71,t02_bootstrap-phreshphish,pp_5398c750ab444a6a,S1,summarise,0.034647,
1791112247.767,t02_bootstrap-phreshphish,pp_5398c750ab444a6a,S1b-100,summarise,0.056412,
1791112247.801,t02_bootstrap-phreshphish,pp_5398c750ab444a6a,S1b-250,summarise,0.033769,
1791112247.835,t02_bootstrap-phreshphish,pp_5398c750ab444a6a,S1b-500,summarise,0.033862,
1791112247.871,t02_bootstrap-phreshphish,pp_5398c750ab444a6a,S1b-1000,summarise,0.034867,
1791112247.917,t02_bootstrap-phreshphish,pp_5398c750ab444a6a,S1b-2000,summarise,0.045648,
1791112247.946,t02_bootstrap-phreshphish,pp_5398c750ab444a6a,S3,summarise,0.025888,
1791112247.946,t02_bootstrap-phreshphish,pp_4061c36415260418,S0,summarise,1.9e-05,
1791112247.964,t02_bootstrap-phreshphish,pp_4061c36415260418,S1,summarise,0.016808,
1791112247.98,t02_bootstrap-phreshphish,pp_4061c36415260418,S1b-100,summarise,0.015884,
1791112247.997,t02_bootstrap-phreshphish,pp_4061c36415260418,S1b-250,summarise,0.016497,
1791112248.013,t02_bootstrap-phreshphish,pp_4061c36415260418,S1b-500,summarise,0.015969,
1791112248.03,t02_bootstrap-phreshphish,pp_4061c36415260418,S1b-1000,summarise,0.016791,
1791112248.046,t02_bootstrap-phreshphish,pp_4061c36415260418,S1b-2000,summarise,0.015511,
1791112248.059,t02_bootstrap-phreshphish,pp_4061c36415260418,S3,summarise,0.011636,
1791112248.059,t02_bootstrap-phreshphish,pp_1050c1095c43dab6,S0,summarise,1.8e-05,
1791112248.066,t02_bootstrap-phreshphish,pp_1050c1095c43dab6,S1,summarise,0.006258,
1791112248.072,t02_bootstrap-phreshphish,pp_1050c1095c43dab6,S1b-100,summarise,0.005997,
1791112248.078,t02_bootstrap-phreshphish,pp_1050c1095c43dab6,S1b-250,summarise,0.005892,
1791112248.084,t02_bootstrap-phreshphish,pp_1050c1095c43dab6,S1b-500,summarise,0.005912,
1791112248.091,t02_bootstrap-phreshphish,pp_1050c1095c43dab6,S1b-1000,summarise,0.006287,
1791112248.097,t02_bootstrap-phreshphish,pp_1050c1095c43dab6,S1b-2000,summarise,0.00602,
1791112248.104,t02_bootstrap-phreshphish,pp_1050c1095c43dab6,S3,summarise,0.005672,
1791112248.105,t02_bootstrap-phreshphish,pp_523051108138dba5,S0,summarise,2.2e-05,
1791112248.132,t02_bootstrap-phreshphish,pp_523051108138dba5,S1,summarise,0.027191,
1791112248.137,t02_bootstrap-phreshphish,pp_523051108138dba5,S1b-100,summarise,0.004353,
1791112248.141,t02_bootstrap-phreshphish,pp_523051108138dba5,S1b-250,summarise,0.00428,
1791112248.146,t02_bootstrap-phreshphish,pp_523051108138dba5,S1b-500,summarise,0.004313,
1791112248.15,t02_bootstrap-phreshphish,pp_523051108138dba5,S1b-1000,summarise,0.004035,
1791112248.155,t02_bootstrap-phreshphish,pp_523051108138dba5,S1b-2000,summarise,0.004073,
1791112248.16,t02_bootstrap-phreshphish,pp_523051108138dba5,S3,summarise,0.005373,
1791112248.161,t02_bootstrap-phreshphish,pp_2bda47b904f431d9,S0,summarise,2.2e-05,
1791112248.179,t02_bootstrap-phreshphish,pp_2bda47b904f431d9,S1,summarise,0.017119,
1791112248.195,t02_bootstrap-phreshphish,pp_2bda47b904f431d9,S1b-100,summarise,0.016086,
1791112248.212,t02_bootstrap-phreshphish,pp_2bda47b904f431d9,S1b-250,summarise,0.016295,
1791112248.228,t02_bootstrap-phreshphish,pp_2bda47b904f431d9,S1b-500,summarise,0.015479,
1791112248.246,t02_bootstrap-phreshphish,pp_2bda47b904f431d9,S1b-1000,summarise,0.018088,
1791112248.262,t02_bootstrap-phreshphish,pp_2bda47b904f431d9,S1b-2000,summarise,0.015082,
1791112248.275,t02_bootstrap-phreshphish,pp_2bda47b904f431d9,S3,summarise,0.011843,
1791112248.275,t02_bootstrap-phreshphish,pp_06da2d32c51373ff,S0,summarise,2.5e-05,
1791112248.278,t02_bootstrap-phreshphish,pp_06da2d32c51373ff,S1,summarise,0.002706,
1791112248.281,t02_bootstrap-phreshphish,pp_06da2d32c51373ff,S1b-100,summarise,0.002518,
1791112248.284,t02_bootstrap-phreshphish,pp_06da2d32c51373ff,S1b-250,summarise,0.002554,
1791112248.286,t02_bootstrap-phreshphish,pp_06da2d32c51373ff,S1b-500,summarise,0.002316,
1791112248.289,t02_bootstrap-phreshphish,pp_06da2d32c51373ff,S1b-1000,summarise,0.002342,
1791112248.291,t02_bootstrap-phreshphish,pp_06da2d32c51373ff,S1b-2000,summarise,0.002382,
1791112248.293,t02_bootstrap-phreshphish,pp_06da2d32c51373ff,S3,summarise,0.001813,
1791112248.294,t02_bootstrap-phreshphish,pp_1854673c655adfd4,S0,summarise,2e-05,
1791112248.338,t02_bootstrap-phreshphish,pp_1854673c655adfd4,S1,summarise,0.043347,
1791112248.378,t02_bootstrap-phreshphish,pp_1854673c655adfd4,S1b-100,summarise,0.039894,
1791112248.42,t02_bootstrap-phreshphish,pp_1854673c655adfd4,S1b-250,summarise,0.0417,
1791112248.463,t02_bootstrap-phreshphish,pp_1854673c655adfd4,S1b-500,summarise,0.043254,
1791112248.53,t02_bootstrap-phreshphish,pp_1854673c655adfd4,S1b-1000,summarise,0.06565,
1791112248.572,t02_bootstrap-phreshphish,pp_1854673c655adfd4,S1b-2000,summarise,0.041205,
1791112248.616,t02_bootstrap-phreshphish,pp_1854673c655adfd4,S3,summarise,0.039912,
1791112248.617,t02_bootstrap-phreshphish,pp_a03fc7da1f7588f7,S0,summarise,2e-05,
1791112248.618,t02_bootstrap-phreshphish,pp_a03fc7da1f7588f7,S1,summarise,0.001381,
1791112248.62,t02_bootstrap-phreshphish,pp_a03fc7da1f7588f7,S1b-100,summarise,0.001393,
1791112248.621,t02_bootstrap-phreshphish,pp_a03fc7da1f7588f7,S1b-250,summarise,0.00141,
1791112248.623,t02_bootstrap-phreshphish,pp_a03fc7da1f7588f7,S1b-500,summarise,0.001245,
1791112248.624,t02_bootstrap-phreshphish,pp_a03fc7da1f7588f7,S1b-1000,summarise,0.001211,
1791112248.626,t02_bootstrap-phreshphish,pp_a03fc7da1f7588f7,S1b-2000,summarise,0.001272,
1791112248.627,t02_bootstrap-phreshphish,pp_a03fc7da1f7588f7,S3,summarise,0.00076,
1791112248.627,t02_bootstrap-phreshphish,pp_98b20a53103fe963,S0,summarise,1.4e-05,
1791112248.637,t02_bootstrap-phreshphish,pp_98b20a53103fe963,S1,summarise,0.009958,
1791112248.647,t02_bootstrap-phreshphish,pp_98b20a53103fe963,S1b-100,summarise,0.009015,
1791112248.658,t02_bootstrap-phreshphish,pp_98b20a53103fe963,S1b-250,summarise,0.01078,
1791112248.669,t02_bootstrap-phreshphish,pp_98b20a53103fe963,S1b-500,summarise,0.010727,
1791112248.679,t02_bootstrap-phreshphish,pp_98b20a53103fe963,S1b-1000,summarise,0.009275,
1791112248.689,t02_bootstrap-phreshphish,pp_98b20a53103fe963,S1b-2000,summarise,0.009456,
1791112248.696,t02_bootstrap-phreshphish,pp_98b20a53103fe963,S3,summarise,0.006361,
1791112248.696,t02_bootstrap-phreshphish,pp_97758cfe72ad62bb,S0,summarise,1.8e-05,
1791112248.772,t02_bootstrap-phreshphish,pp_97758cfe72ad62bb,S1,summarise,0.075325,
1791112248.875,t02_bootstrap-phreshphish,pp_97758cfe72ad62bb,S1b-100,summarise,0.102726,
1791112248.954,t02_bootstrap-phreshphish,pp_97758cfe72ad62bb,S1b-250,summarise,0.078508,
1791112249.033,t02_bootstrap-phreshphish,pp_97758cfe72ad62bb,S1b-500,summarise,0.078507,
1791112249.145,t02_bootstrap-phreshphish,pp_97758cfe72ad62bb,S1b-1000,summarise,0.111393,
1791112249.219,t02_bootstrap-phreshphish,pp_97758cfe72ad62bb,S1b-2000,summarise,0.073438,
1791112249.289,t02_bootstrap-phreshphish,pp_97758cfe72ad62bb,S3,summarise,0.066195,
1791112249.29,t02_bootstrap-phreshphish,pp_eee2ffc078273f83,S0,summarise,1.8e-05,
1791112249.314,t02_bootstrap-phreshphish,pp_eee2ffc078273f83,S1,summarise,0.023518,
1791112249.334,t02_bootstrap-phreshphish,pp_eee2ffc078273f83,S1b-100,summarise,0.020276,
1791112249.356,t02_bootstrap-phreshphish,pp_eee2ffc078273f83,S1b-250,summarise,0.02158,
1791112249.378,t02_bootstrap-phreshphish,pp_eee2ffc078273f83,S1b-500,summarise,0.021484,
1791112249.401,t02_bootstrap-phreshphish,pp_eee2ffc078273f83,S1b-1000,summarise,0.023039,
1791112249.424,t02_bootstrap-phreshphish,pp_eee2ffc078273f83,S1b-2000,summarise,0.021891,
1791112249.436,t02_bootstrap-phreshphish,pp_eee2ffc078273f83,S3,summarise,0.01053,
1791112249.436,t02_bootstrap-phreshphish,pp_73c3bc7664745c41,S0,summarise,1.4e-05,
1791112249.439,t02_bootstrap-phreshphish,pp_73c3bc7664745c41,S1,summarise,0.00304,
1791112249.443,t02_bootstrap-phreshphish,pp_73c3bc7664745c41,S1b-100,summarise,0.002949,
1791112249.446,t02_bootstrap-phreshphish,pp_73c3bc7664745c41,S1b-250,summarise,0.002903,
1791112249.449,t02_bootstrap-phreshphish,pp_73c3bc7664745c41,S1b-500,summarise,0.002874,
1791112249.452,t02_bootstrap-phreshphish,pp_73c3bc7664745c41,S1b-1000,summarise,0.002877,
1791112249.455,t02_bootstrap-phreshphish,pp_73c3bc7664745c41,S1b-2000,summarise,0.002831,
1791112249.457,t02_bootstrap-phreshphish,pp_73c3bc7664745c41,S3,summarise,0.001682,
1791112249.457,t02_bootstrap-phreshphish,pp_52666337a8a905ac,S0,summarise,1.1e-05,
1791112249.457,t02_bootstrap-phreshphish,pp_52666337a8a905ac,S1,summarise,0.000519,
1791112249.458,t02_bootstrap-phreshphish,pp_52666337a8a905ac,S1b-100,summarise,0.000499,
1791112249.459,t02_bootstrap-phreshphish,pp_52666337a8a905ac,S1b-250,summarise,0.000546,
1791112249.459,t02_bootstrap-phreshphish,pp_52666337a8a905ac,S1b-500,summarise,0.000465,
1791112249.46,t02_bootstrap-phreshphish,pp_52666337a8a905ac,S1b-1000,summarise,0.000459,
1791112249.46,t02_bootstrap-phreshphish,pp_52666337a8a905ac,S1b-2000,summarise,0.000454,
1791112249.461,t02_bootstrap-phreshphish,pp_52666337a8a905ac,S3,summarise,0.000242,
1791112249.461,t02_bootstrap-phreshphish,pp_9d4522ca9c71501d,S0,summarise,1.8e-05,
1791112249.465,t02_bootstrap-phreshphish,pp_9d4522ca9c71501d,S1,summarise,0.004016,
1791112249.469,t02_bootstrap-phreshphish,pp_9d4522ca9c71501d,S1b-100,summarise,0.003091,
1791112249.472,t02_bootstrap-phreshphish,pp_9d4522ca9c71501d,S1b-250,summarise,0.003039,
1791112249.476,t02_bootstrap-phreshphish,pp_9d4522ca9c71501d,S1b-500,summarise,0.003376,
1791112249.479,t02_bootstrap-phreshphish,pp_9d4522ca9c71501d,S1b-1000,summarise,0.00323,
1791112249.483,t02_bootstrap-phreshphish,pp_9d4522ca9c71501d,S1b-2000,summarise,0.003231,
1791112249.484,t02_bootstrap-phreshphish,pp_9d4522ca9c71501d,S3,summarise,0.001539,
1791112249.485,t02_bootstrap-phreshphish,pp_c3ec8086ca5a5496,S0,summarise,1.1e-05,
1791112249.495,t02_bootstrap-phreshphish,pp_c3ec8086ca5a5496,S1,summarise,0.010346,
1791112249.529,t02_bootstrap-phreshphish,pp_c3ec8086ca5a5496,S1b-100,summarise,0.033314,
1791112249.539,t02_bootstrap-phreshphish,pp_c3ec8086ca5a5496,S1b-250,summarise,0.009816,
1791112249.55,t02_bootstrap-phreshphish,pp_c3ec8086ca5a5496,S1b-500,summarise,0.010615,
1791112249.56,t02_bootstrap-phreshphish,pp_c3ec8086ca5a5496,S1b-1000,summarise,0.010043,
1791112249.571,t02_bootstrap-phreshphish,pp_c3ec8086ca5a5496,S1b-2000,summarise,0.010386,
1791112249.58,t02_bootstrap-phreshphish,pp_c3ec8086ca5a5496,S3,summarise,0.008649,
1791112249.58,t02_bootstrap-phreshphish,pp_c5d63280f9c7d1d5,S0,summarise,1.4e-05,
1791112249.585,t02_bootstrap-phreshphish,pp_c5d63280f9c7d1d5,S1,summarise,0.00441,
1791112249.589,t02_bootstrap-phreshphish,pp_c5d63280f9c7d1d5,S1b-100,summarise,0.004228,
1791112249.594,t02_bootstrap-phreshphish,pp_c5d63280f9c7d1d5,S1b-250,summarise,0.004865,
1791112249.599,t02_bootstrap-phreshphish,pp_c5d63280f9c7d1d5,S1b-500,summarise,0.00396,
1791112249.603,t02_bootstrap-phreshphish,pp_c5d63280f9c7d1d5,S1b-1000,summarise,0.003996,
1791112249.607,t02_bootstrap-phreshphish,pp_c5d63280f9c7d1d5,S1b-2000,summarise,0.003851,
1791112249.612,t02_bootstrap-phreshphish,pp_c5d63280f9c7d1d5,S3,summarise,0.004124,
1791112249.612,t02_bootstrap-phreshphish,pp_3fa3d94af6f8a670,S0,summarise,1.4e-05,
1791112249.617,t02_bootstrap-phreshphish,pp_3fa3d94af6f8a670,S1,summarise,0.004591,
1791112249.622,t02_bootstrap-phreshphish,pp_3fa3d94af6f8a670,S1b-100,summarise,0.004678,
1791112249.626,t02_bootstrap-phreshphish,pp_3fa3d94af6f8a670,S1b-250,summarise,0.004252,
1791112249.63,t02_bootstrap-phreshphish,pp_3fa3d94af6f8a670,S1b-500,summarise,0.003955,
1791112249.635,t02_bootstrap-phreshphish,pp_3fa3d94af6f8a670,S1b-1000,summarise,0.00433,
1791112249.639,t02_bootstrap-phreshphish,pp_3fa3d94af6f8a670,S1b-2000,summarise,0.004287,
1791112249.643,t02_bootstrap-phreshphish,pp_3fa3d94af6f8a670,S3,summarise,0.003023,
1791112249.643,t02_bootstrap-phreshphish,pp_c73d699e0c40e50f,S0,summarise,1.6e-05,
1791112249.655,t02_bootstrap-phreshphish,pp_c73d699e0c40e50f,S1,summarise,0.011212,
1791112249.662,t02_bootstrap-phreshphish,pp_c73d699e0c40e50f,S1b-100,summarise,0.007416,
1791112249.67,t02_bootstrap-phreshphish,pp_c73d699e0c40e50f,S1b-250,summarise,0.007624,
1791112249.679,t02_bootstrap-phreshphish,pp_c73d699e0c40e50f,S1b-500,summarise,0.00848,
1791112249.69,t02_bootstrap-phreshphish,pp_c73d699e0c40e50f,S1b-1000,summarise,0.011323,
1791112249.7,t02_bootstrap-phreshphish,pp_c73d699e0c40e50f,S1b-2000,summarise,0.008803,
1791112249.705,t02_bootstrap-phreshphish,pp_c73d699e0c40e50f,S3,summarise,0.004405,
1791112249.706,t02_bootstrap-phreshphish,pp_0c9313a3eb37ee4c,S0,summarise,1.4e-05,
1791112249.71,t02_bootstrap-phreshphish,pp_0c9313a3eb37ee4c,S1,summarise,0.004184,
1791112249.714,t02_bootstrap-phreshphish,pp_0c9313a3eb37ee4c,S1b-100,summarise,0.003884,
1791112249.718,t02_bootstrap-phreshphish,pp_0c9313a3eb37ee4c,S1b-250,summarise,0.004171,
1791112249.722,t02_bootstrap-phreshphish,pp_0c9313a3eb37ee4c,S1b-500,summarise,0.003917,
1791112249.727,t02_bootstrap-phreshphish,pp_0c9313a3eb37ee4c,S1b-1000,summarise,0.003838,
1791112249.731,t02_bootstrap-phreshphish,pp_0c9313a3eb37ee4c,S1b-2000,summarise,0.004074,
1791112249.734,t02_bootstrap-phreshphish,pp_0c9313a3eb37ee4c,S3,summarise,0.002943,
1791112249.735,t02_bootstrap-phreshphish,pp_fba486afc8ec2ba2,S0,summarise,1.4e-05,
1791112249.896,t02_bootstrap-phreshphish,pp_fba486afc8ec2ba2,S1,summarise,0.160627,
1791112250.037,t02_bootstrap-phreshphish,pp_fba486afc8ec2ba2,S1b-100,summarise,0.140603,
1791112250.213,t02_bootstrap-phreshphish,pp_fba486afc8ec2ba2,S1b-250,summarise,0.175846,
1791112250.381,t02_bootstrap-phreshphish,pp_fba486afc8ec2ba2,S1b-500,summarise,0.167864,
1791112250.528,t02_bootstrap-phreshphish,pp_fba486afc8ec2ba2,S1b-1000,summarise,0.146252,
1791112250.723,t02_bootstrap-phreshphish,pp_fba486afc8ec2ba2,S1b-2000,summarise,0.193798,
1791112250.88,t02_bootstrap-phreshphish,pp_fba486afc8ec2ba2,S3,summarise,0.153977,
1791115950.614,t02_bootstrap-phreshphish,pp_c13edf26a4ba9f61,S3,summarise,0.074741,
1791115952.341,t02_bootstrap-phreshphish,pp_bda46312ef2c172c,S3,summarise,1.717218,
1791115952.345,t02_bootstrap-phreshphish,pp_59393005ba2f3573,S3,summarise,0.003342,
1791115952.386,t02_bootstrap-phreshphish,pp_c50fc73e9734adc2,S3,summarise,0.036361,
1791115954.291,t02_bootstrap-phreshphish,pp_a90b8adda869df3c,S3,summarise,1.897713,
1791115954.307,t02_bootstrap-phreshphish,pp_4e3a06c7c3ad58f5,S3,summarise,0.0143,
1791115954.309,t02_bootstrap-phreshphish,pp_27d47d452d74635a,S3,summarise,0.001287,
1791115976.926,t02_bootstrap-phreshphish,pp_8e0a6ee8b9c9b3c9,S3,summarise,22.603957,
1791115976.928,t02_bootstrap-phreshphish,pp_bbdd318fe68867e1,S3,summarise,0.000874,
1791115976.931,t02_bootstrap-phreshphish,pp_e18c7ee830a3864e,S3,summarise,0.002389,
1791115976.957,t02_bootstrap-phreshphish,pp_4a114b3b67335a68,S3,summarise,0.025495,
1791115976.959,t02_bootstrap-phreshphish,pp_3e336949686cbf31,S3,summarise,0.00086,
1791115976.96,t02_bootstrap-phreshphish,pp_32483e1e5bdeb477,S3,summarise,0.001041,
1791115976.961,t02_bootstrap-phreshphish,pp_9826fdac38f38345,S3,summarise,0.000515,
1791115977.021,t02_bootstrap-phreshphish,pp_70897ced3bece48f,S3,summarise,0.053014,
1791115977.022,t02_bootstrap-phreshphish,pp_7ac7360a7ebacb09,S3,summarise,0.000467,
1791115977.054,t02_bootstrap-phreshphish,pp_ba70ace0bf382948,S3,summarise,0.030292,
1791115977.056,t02_bootstrap-phreshphish,pp_7a863a609d6179ba,S3,summarise,0.000813,
1791115977.061,t02_bootstrap-phreshphish,pp_baef1f03a5d9074b,S3,summarise,0.004349,
1791115980.019,t02_bootstrap-phreshphish,pp_3af77611336bac6e,S3,summarise,2.9542,
1791115980.069,t02_bootstrap-phreshphish,pp_ee88be4f7636a237,S3,summarise,0.045758,
1791115980.074,t02_bootstrap-phreshphish,pp_75e9cc3cec4f3b03,S3,summarise,0.003327,
1791115980.09,t02_bootstrap-phreshphish,pp_9c86b44639ebfdc5,S3,summarise,0.005755,
1791115980.117,t02_bootstrap-phreshphish,pp_309824e86fb51dbf,S3,summarise,0.021886,
1791115980.121,t02_bootstrap-phreshphish,pp_87521f57e2591180,S3,summarise,0.003625,
1791115980.136,t02_bootstrap-phreshphish,pp_6600e60f7451d4c8,S3,summarise,0.012824,
1791115980.143,t02_bootstrap-phreshphish,pp_b1e9928a10581762,S3,summarise,0.006591,
1791115980.163,t02_bootstrap-phreshphish,pp_c82859dcb798670e,S3,summarise,0.01785,
1791115980.164,t02_bootstrap-phreshphish,pp_a7e925a38709e5d3,S3,summarise,0.000897,
1791115980.166,t02_bootstrap-phreshphish,pp_f150584aafac10fb,S3,summarise,0.001326,
1791115980.187,t02_bootstrap-phreshphish,pp_b7bbed4b6bb3be64,S3,summarise,0.019459,
1791115980.201,t02_bootstrap-phreshphish,pp_372c805080f13613,S3,summarise,0.011472,
1791115980.212,t02_bootstrap-phreshphish,pp_33f77a365a9ec8fa,S3,summarise,0.010535,
1791115980.276,t02_bootstrap-phreshphish,pp_383c8e07ae311e16,S3,summarise,0.060991,
1791115980.307,t02_bootstrap-phreshphish,pp_c5e512db7dd42b0f,S3,summarise,0.028165,
1791115980.314,t02_bootstrap-phreshphish,pp_c52aabbcc5158cfe,S3,summarise,0.006586,
1791115980.322,t02_bootstrap-phreshphish,pp_7e284b4c8e059baf,S3,summarise,0.006681,
1791115980.349,t02_bootstrap-phreshphish,pp_5cde0e09c6b8aa37,S3,summarise,0.023955,
1791115980.36,t02_bootstrap-phreshphish,pp_aaf0435c99537d26,S3,summarise,0.00998,
1791115985.81,t02_bootstrap-phreshphish,pp_c4dc9cb6d437aea7,S3,summarise,5.442682,
1791115985.825,t02_bootstrap-phreshphish,pp_6a56e085a1bfa69e,S3,summarise,0.01309,
1791115985.829,t02_bootstrap-phreshphish,pp_67c5499d29de60a2,S3,summarise,0.003472,
1791115988.011,t02_bootstrap-phreshphish,pp_57cec1a05c81ad14,S3,summarise,2.174293,
1791115988.022,t02_bootstrap-phreshphish,pp_e173c5b8df2aee72,S3,summarise,0.00955,
1791115988.023,t02_bootstrap-phreshphish,pp_011fb6056372bd16,S3,summarise,0.000759,
1791115988.05,t02_bootstrap-phreshphish,pp_499f968a307fdb3e,S3,summarise,0.023214,
1791115988.051,t02_bootstrap-phreshphish,pp_6d7187ac1f30d954,S3,summarise,0.001184,
1791115988.059,t02_bootstrap-phreshphish,pp_8f1de1a0a54f6dd5,S3,summarise,0.007196,
1791115988.08,t02_bootstrap-phreshphish,pp_678b022c46507bce,S3,summarise,0.019351,
1791115989.192,t02_bootstrap-phreshphish,pp_7220dfb908e177af,S3,summarise,1.105197,
1791115990.436,t02_bootstrap-phreshphish,pp_7a4e8d400af9d66c,S3,summarise,1.235428,
1791115990.439,t02_bootstrap-phreshphish,pp_8d6d3eb13de0f08d,S3,summarise,0.001857,
1791115990.44,t02_bootstrap-phreshphish,pp_316bb8ecbb617919,S3,summarise,0.000796,
1791115990.449,t02_bootstrap-phreshphish,pp_68ff93845f768a93,S3,summarise,0.007916,
1791115990.461,t02_bootstrap-phreshphish,pp_049ee84e7802ab1c,S3,summarise,0.010316,
1791115990.497,t02_bootstrap-phreshphish,pp_0f718403cb79fb9b,S3,summarise,0.033758,
1791115990.498,t02_bootstrap-phreshphish,pp_c4377d24ab11e7ae,S3,summarise,0.00078,
1791115991.5,t02_bootstrap-phreshphish,pp_a657a45e746462f1,S3,summarise,0.997749,
1791115994.689,t02_bootstrap-phreshphish,pp_4cc5049f77116e40,S3,summarise,3.181909,
1791115994.698,t02_bootstrap-phreshphish,pp_3b45686a9b17c842,S3,summarise,0.00805,
1791115994.7,t02_bootstrap-phreshphish,pp_18c573fb0382616a,S3,summarise,0.001364,
1791115994.722,t02_bootstrap-phreshphish,pp_6a6ffd0eec6a705f,S3,summarise,0.019386,
1791115994.755,t02_bootstrap-phreshphish,pp_319b30373bca007e,S3,summarise,0.029066,
1791115994.843,t02_bootstrap-phreshphish,pp_6604d353756d3748,S3,summarise,0.08369,
1791115994.85,t02_bootstrap-phreshphish,pp_51f22da3d295b7c7,S3,summarise,0.006095,
1791115994.871,t02_bootstrap-phreshphish,pp_ec53420b9cc349b0,S3,summarise,0.018846,
1791115994.908,t02_bootstrap-phreshphish,pp_1aa2a296bfe48cd1,S3,summarise,0.033478,
1791115994.921,t02_bootstrap-phreshphish,pp_abc6829f73a1e6fd,S3,summarise,0.011966,
1791115994.943,t02_bootstrap-phreshphish,pp_890f1fe79e649069,S3,summarise,0.018895,
1791115994.947,t02_bootstrap-phreshphish,pp_ff7b4331556b690a,S3,summarise,0.003787,
1791115994.954,t02_bootstrap-phreshphish,pp_bf288c9bfcced171,S3,summarise,0.005711,
1791115994.98,t02_bootstrap-phreshphish,pp_e3015bbe9e31b3d0,S3,summarise,0.023527,
1791115994.989,t02_bootstrap-phreshphish,pp_54d51c98c1bb9551,S3,summarise,0.007456,
1791115995.006,t02_bootstrap-phreshphish,pp_8809c5fb922876e0,S3,summarise,0.015008,
1791115995.007,t02_bootstrap-phreshphish,pp_867343aea77f5470,S3,summarise,0.001297,
1791115995.019,t02_bootstrap-phreshphish,pp_11749b0275bfa2ec,S3,summarise,0.010819,
1791115997.308,t02_bootstrap-phreshphish,pp_12d775642350c1be,S3,summarise,2.281341,
1791115997.326,t02_bootstrap-phreshphish,pp_5822c0e3d16bffc3,S3,summarise,0.015084,
1791115997.371,t02_bootstrap-phreshphish,pp_3c831e3ec962ccbd,S3,summarise,0.041679,
1791115997.393,t02_bootstrap-phreshphish,pp_4cd531583d7366ff,S3,summarise,0.018507,
1791115997.406,t02_bootstrap-phreshphish,pp_8319c3af76d6f841,S3,summarise,0.011637,
1791115998.811,t02_bootstrap-phreshphish,pp_400c97406ba520c2,S3,summarise,1.397723,
1791115998.873,t02_bootstrap-phreshphish,pp_3a43fc7aa6131a28,S3,summarise,0.055996,
1791115998.876,t02_bootstrap-phreshphish,pp_57319b90bb1c9889,S3,summarise,0.002395,
1791115998.884,t02_bootstrap-phreshphish,pp_44bb2bd4d205ae96,S3,summarise,0.006041,
1791115998.892,t02_bootstrap-phreshphish,pp_6d104a0110d0dfbe,S3,summarise,0.007214,
1791115998.942,t02_bootstrap-phreshphish,pp_dc4dde37fd23d15b,S3,summarise,0.045713,
1791115998.944,t02_bootstrap-phreshphish,pp_00c858741eb5b43a,S3,summarise,0.000971,
1791115998.996,t02_bootstrap-phreshphish,pp_de434e0d276ce432,S3,summarise,0.0501,
1791116002.3,t02_bootstrap-phreshphish,pp_c56b8994e7a6cf38,S3,summarise,3.294466,
1791116002.322,t02_bootstrap-phreshphish,pp_099225faa7870f4c,S3,summarise,0.019762,
1791116002.336,t02_bootstrap-phreshphish,pp_bd8160485beac2e6,S3,summarise,0.012648,
1791116002.357,t02_bootstrap-phreshphish,pp_4aa3e609e078b36d,S3,summarise,0.018853,
1791116002.406,t02_bootstrap-phreshphish,pp_58466dce92f99d39,S3,summarise,0.045933,
1791116002.408,t02_bootstrap-phreshphish,pp_b299c054f896dcf0,S3,summarise,0.000995,
1791116002.413,t02_bootstrap-phreshphish,pp_ec96e404f77703e3,S3,summarise,0.004495,
1791116002.419,t02_bootstrap-phreshphish,pp_7a3db5cb0916a672,S3,summarise,0.004902,
1791116002.441,t02_bootstrap-phreshphish,pp_23e29b72b636a073,S3,summarise,0.019577,
1791116002.442,t02_bootstrap-phreshphish,pp_ee096fc890261445,S3,summarise,0.000485,
1791116002.773,t02_bootstrap-phreshphish,pp_5b76979fe25efd84,S3,summarise,0.327366,
1791116002.788,t02_bootstrap-phreshphish,pp_b1d3905160755379,S3,summarise,0.011033,
1791116002.804,t02_bootstrap-phreshphish,pp_f590969aad42346d,S3,summarise,0.015197,
1791116004.121,t02_bootstrap-phreshphish,pp_8090bfe432007e81,S3,summarise,1.312938,
1791116004.123,t02_bootstrap-phreshphish,pp_8a91e03e8e171226,S3,summarise,0.000987,
1791116004.161,t02_bootstrap-phreshphish,pp_e232f01070b1d321,S3,summarise,0.035396,
1791116004.172,t02_bootstrap-phreshphish,pp_81bcb55b864666fd,S3,summarise,0.009533,
1791116004.176,t02_bootstrap-phreshphish,pp_8f323278a32bd62b,S3,summarise,0.002606,
1791116004.179,t02_bootstrap-phreshphish,pp_64a38e4b468f8fa4,S3,summarise,0.003207,
1791116004.181,t02_bootstrap-phreshphish,pp_0e44a4bc35615a69,S3,summarise,0.000777,
1791116004.183,t02_bootstrap-phreshphish,pp_773387d4ba5f2631,S3,summarise,0.001907,
1791116009.748,t02_bootstrap-phreshphish,pp_8409909d5fffa9c9,S3,summarise,5.554375,
1791116009.777,t02_bootstrap-phreshphish,pp_1423565ad73dc5fe,S3,summarise,0.025934,
1791116011.178,t02_bootstrap-phreshphish,pp_e5bf57080abb02f7,S3,summarise,1.397717,
1791116011.179,t02_bootstrap-phreshphish,pp_9407778b6b4c66df,S3,summarise,0.000585,
1791116011.185,t02_bootstrap-phreshphish,pp_ab563686d3339834,S3,summarise,0.005133,
1791116011.202,t02_bootstrap-phreshphish,pp_4d782c7cfd5fa806,S3,summarise,0.014208,
1791116011.203,t02_bootstrap-phreshphish,pp_01f79b6b11d04c7c,S3,summarise,0.000402,
1791116011.232,t02_bootstrap-phreshphish,pp_ea12a7092471ed47,S3,summarise,0.028551,
1791116011.237,t02_bootstrap-phreshphish,pp_51c23810d83b4126,S3,summarise,0.003736,
1791116013.756,t02_bootstrap-phreshphish,pp_4ebbe70a89af21ec,S3,summarise,2.512204,
1791116013.762,t02_bootstrap-phreshphish,pp_28021aaea0f591df,S3,summarise,0.004993,
1791116013.764,t02_bootstrap-phreshphish,pp_ae89aa42466a2671,S3,summarise,0.001408,
1791116024.453,t02_bootstrap-phreshphish,pp_3b4a2581820957af,S3,summarise,10.678872,
1791116024.455,t02_bootstrap-phreshphish,pp_3ecd91810ac4902f,S3,summarise,0.000853,
1791116024.468,t02_bootstrap-phreshphish,pp_6b336aca3c9700b5,S3,summarise,0.011597,
1791116024.469,t02_bootstrap-phreshphish,pp_c2136b4536bb28fa,S3,summarise,0.000997,
1791116024.473,t02_bootstrap-phreshphish,pp_94c42388545062e0,S3,summarise,0.002896,
1791116024.474,t02_bootstrap-phreshphish,pp_decb746814925002,S3,summarise,0.000434,
1791116024.475,t02_bootstrap-phreshphish,pp_79dd304859fcbdfe,S3,summarise,0.00134,
1791116024.505,t02_bootstrap-phreshphish,pp_a5c270dc02fb4b25,S3,summarise,0.027423,
1791116024.514,t02_bootstrap-phreshphish,pp_d5083fffc8f3251d,S3,summarise,0.007119,
1791116024.518,t02_bootstrap-phreshphish,pp_4246ae8c524462ec,S3,summarise,0.003017,
1791116024.522,t02_bootstrap-phreshphish,pp_8296195a1f443cf6,S3,summarise,0.002729,
1791116024.53,t02_bootstrap-phreshphish,pp_258da25ea9aceb0d,S3,summarise,0.00724,
1791116024.56,t02_bootstrap-phreshphish,pp_b003ddc0eaf942f8,S3,summarise,0.027204,
1791116024.625,t02_bootstrap-phreshphish,pp_535bc21509c5cf05,S3,summarise,0.058541,
1791116024.629,t02_bootstrap-phreshphish,pp_2bd3f318bb6ac403,S3,summarise,0.003417,
1791116024.647,t02_bootstrap-phreshphish,pp_8ccef8f399eeae6c,S3,summarise,0.015355,
1791116024.649,t02_bootstrap-phreshphish,pp_dead6d16669e1022,S3,summarise,0.001303,
1791116024.721,t02_bootstrap-phreshphish,pp_56608bfd04219945,S3,summarise,0.069083,
1791116024.723,t02_bootstrap-phreshphish,pp_c47a3ab3e32f1418,S3,summarise,0.001443,
1791116024.727,t02_bootstrap-phreshphish,pp_18cd944cfaa85d8c,S3,summarise,0.003553,
1791116024.749,t02_bootstrap-phreshphish,pp_6a6ffd8c93e1f164,S3,summarise,0.019704,
1791116024.763,t02_bootstrap-phreshphish,pp_0414663b4762af45,S3,summarise,0.013376,
1791116025.977,t02_bootstrap-phreshphish,pp_2f0375a954c96332,S3,summarise,1.206872,
1791116025.984,t02_bootstrap-phreshphish,pp_11e2d32ddc41be5b,S3,summarise,0.005757,
1791116029.593,t02_bootstrap-phreshphish,pp_8ee4ca5f421ebd86,S3,summarise,3.59936,
1791116029.595,t02_bootstrap-phreshphish,pp_b83ab267e99faf6b,S3,summarise,0.000814,
1791116029.596,t02_bootstrap-phreshphish,pp_a7179ac85e83f756,S3,summarise,0.00084,
1791116029.597,t02_bootstrap-phreshphish,pp_85f8cf232cdce8d7,S3,summarise,0.000522,
1791116029.609,t02_bootstrap-phreshphish,pp_03cd4fde802b0031,S3,summarise,0.010453,
1791116029.618,t02_bootstrap-phreshphish,pp_67aa8f019e75e4e3,S3,summarise,0.008209,
1791116033.113,t02_bootstrap-phreshphish,pp_b6f051e61675ada8,S3,summarise,3.48737,
1791116033.114,t02_bootstrap-phreshphish,pp_29abc00cbdb11b7d,S3,summarise,0.000533,
1791116033.118,t02_bootstrap-phreshphish,pp_c456c29d9b7a1bce,S3,summarise,0.002608,
1791116033.125,t02_bootstrap-phreshphish,pp_b72cd830b2f2f086,S3,summarise,0.006391,
1791116033.147,t02_bootstrap-phreshphish,pp_d360067bb76dc49e,S3,summarise,0.019385,
1791116033.185,t02_bootstrap-phreshphish,pp_2ddde4f7bc617530,S3,summarise,0.033849,
1791116033.393,t02_bootstrap-phreshphish,pp_75a906ecd3afb340,S3,summarise,0.201601,
1791116033.4,t02_bootstrap-phreshphish,pp_807746455a3a3f9c,S3,summarise,0.004743,
1791116033.404,t02_bootstrap-phreshphish,pp_423b214d2e855b9c,S3,summarise,0.003577,
1791116033.406,t02_bootstrap-phreshphish,pp_1aaffa4202c064b0,S3,summarise,0.000507,
1791116033.409,t02_bootstrap-phreshphish,pp_129afb3cee2dd0c4,S3,summarise,0.002575,
1791116033.425,t02_bootstrap-phreshphish,pp_a8929a75d09539aa,S3,summarise,0.013415,
1791116034.104,t02_bootstrap-phreshphish,pp_2c1f62d54fd23706,S3,summarise,0.674569,
1791116034.105,t02_bootstrap-phreshphish,pp_677bb8ea953db140,S3,summarise,0.000818,
1791116034.119,t02_bootstrap-phreshphish,pp_1a0a79633551a824,S3,summarise,0.012218,
1791116034.122,t02_bootstrap-phreshphish,pp_f7ca3ebedb432f55,S3,summarise,0.002371,
1791116034.15,t02_bootstrap-phreshphish,pp_33c2a50bb2cf357f,S3,summarise,0.026438,
1791116034.152,t02_bootstrap-phreshphish,pp_c5cb2b1f2558d858,S3,summarise,0.001371,
1791116034.154,t02_bootstrap-phreshphish,pp_8c1c401659891494,S3,summarise,0.001514,
1791116034.155,t02_bootstrap-phreshphish,pp_11e165d4db4a0594,S3,summarise,0.00067,
1791116034.174,t02_bootstrap-phreshphish,pp_ae3b1448df011d05,S3,summarise,0.016605,
1791116034.176,t02_bootstrap-phreshphish,pp_d73d162cd5c1312a,S3,summarise,0.00117,
1791116034.177,t02_bootstrap-phreshphish,pp_2d88d92204512cff,S3,summarise,0.000436,
1791116034.177,t02_bootstrap-phreshphish,pp_73621bdbabe67ba1,S3,summarise,0.000371,
1791116034.187,t02_bootstrap-phreshphish,pp_24662137ad452272,S3,summarise,0.008123,
1791116034.191,t02_bootstrap-phreshphish,pp_9d4b2fd401d3f1d7,S3,summarise,0.00314,
1791116034.192,t02_bootstrap-phreshphish,pp_b689d998e190b4eb,S3,summarise,0.000525,
1791116034.239,t02_bootstrap-phreshphish,pp_c82ae662c665585d,S3,summarise,0.043484,
1791116034.281,t02_bootstrap-phreshphish,pp_5398c750ab444a6a,S3,summarise,0.038609,
1791116034.291,t02_bootstrap-phreshphish,pp_4061c36415260418,S3,summarise,0.008744,
1791116034.295,t02_bootstrap-phreshphish,pp_1050c1095c43dab6,S3,summarise,0.003306,
1791116034.3,t02_bootstrap-phreshphish,pp_523051108138dba5,S3,summarise,0.003583,
1791116034.311,t02_bootstrap-phreshphish,pp_2bda47b904f431d9,S3,summarise,0.009288,
1791116034.313,t02_bootstrap-phreshphish,pp_06da2d32c51373ff,S3,summarise,0.001391,
1791116039.223,t02_bootstrap-phreshphish,pp_1854673c655adfd4,S3,summarise,4.903875,
1791116039.225,t02_bootstrap-phreshphish,pp_a03fc7da1f7588f7,S3,summarise,0.000645,
1791116039.231,t02_bootstrap-phreshphish,pp_98b20a53103fe963,S3,summarise,0.005415,
1791116042.614,t02_bootstrap-phreshphish,pp_97758cfe72ad62bb,S3,summarise,3.376231,
1791116042.626,t02_bootstrap-phreshphish,pp_eee2ffc078273f83,S3,summarise,0.009628,
1791116042.628,t02_bootstrap-phreshphish,pp_73c3bc7664745c41,S3,summarise,0.001522,
1791116042.628,t02_bootstrap-phreshphish,pp_52666337a8a905ac,S3,summarise,0.000223,
1791116042.63,t02_bootstrap-phreshphish,pp_9d4522ca9c71501d,S3,summarise,0.001444,
1791116042.639,t02_bootstrap-phreshphish,pp_c3ec8086ca5a5496,S3,summarise,0.007849,
1791116042.643,t02_bootstrap-phreshphish,pp_c5d63280f9c7d1d5,S3,summarise,0.00369,
1791116042.647,t02_bootstrap-phreshphish,pp_3fa3d94af6f8a670,S3,summarise,0.002742,
1791116042.652,t02_bootstrap-phreshphish,pp_c73d699e0c40e50f,S3,summarise,0.004041,
1791116042.654,t02_bootstrap-phreshphish,pp_0c9313a3eb37ee4c,S3,summarise,0.001763,
1791116042.794,t02_bootstrap-phreshphish,pp_fba486afc8ec2ba2,S3,summarise,0.130085,
